Lab,Method,Subject,Subject_Unique,Language,Condition,Age,Session,total_trial_n,mean_log_lt,mean_lt,ConditionC,language_recoded,Native
babylab-potsdam,HPP,b7027,babylab-potsdam:b7027,German,ADS,251,1,14,2.0301167299780323,8.882714285714286,-0.5,German,FALSE
babylab-potsdam,HPP,b7027,babylab-potsdam:b7027,German,ADS,260,2,13,1.6029670062444594,6.345,-0.5,German,FALSE
babylab-potsdam,HPP,b7027,babylab-potsdam:b7027,German,IDS,251,1,14,1.7694492305930332,7.712285714285715,0.5,German,FALSE
babylab-potsdam,HPP,b7027,babylab-potsdam:b7027,German,IDS,260,2,13,2.127938677211023,9.311285714285715,0.5,German,FALSE
babylab-potsdam,HPP,b7030,babylab-potsdam:b7030,German,ADS,200,1,14,2.121595890610152,9.077666666666667,-0.5,German,FALSE
babylab-potsdam,HPP,b7030,babylab-potsdam:b7030,German,ADS,207,2,10,1.594359969436332,5.933,-0.5,German,FALSE
babylab-potsdam,HPP,b7030,babylab-potsdam:b7030,German,IDS,200,1,14,1.518575259978099,5.3345,0.5,German,FALSE
babylab-potsdam,HPP,b7030,babylab-potsdam:b7030,German,IDS,207,2,10,2.0109300847551994,8.4708,0.5,German,FALSE
babylab-potsdam,HPP,b7033,babylab-potsdam:b7033,German,ADS,218,1,16,1.7261817691748778,6.153625,-0.5,German,FALSE
babylab-potsdam,HPP,b7033,babylab-potsdam:b7033,German,ADS,239,2,16,1.2488995113807673,3.593875,-0.5,German,FALSE
babylab-potsdam,HPP,b7033,babylab-potsdam:b7033,German,IDS,218,1,16,2.1442669477395024,8.775125,0.5,German,FALSE
babylab-potsdam,HPP,b7033,babylab-potsdam:b7033,German,IDS,239,2,16,1.2405228629476872,3.552625,0.5,German,FALSE
babylab-potsdam,HPP,b7059,babylab-potsdam:b7059,German,ADS,221,1,10,1.472371664013994,4.433833333333333,-0.5,German,FALSE
babylab-potsdam,HPP,b7059,babylab-potsdam:b7059,German,ADS,228,2,5,1.2299165451654246,3.7196666666666665,-0.5,German,FALSE
babylab-potsdam,HPP,b7059,babylab-potsdam:b7059,German,IDS,221,1,10,1.7997993651585729,7.01625,0.5,German,FALSE
babylab-potsdam,HPP,b7059,babylab-potsdam:b7059,German,IDS,228,2,5,1.0556584773110143,2.92,0.5,German,FALSE
babylab-potsdam,HPP,b7096,babylab-potsdam:b7096,German,ADS,216,1,15,1.5319373406049281,4.984714285714285,-0.5,German,FALSE
babylab-potsdam,HPP,b7096,babylab-potsdam:b7096,German,ADS,223,2,14,1.686149878440336,6.647571428571428,-0.5,German,FALSE
babylab-potsdam,HPP,b7096,babylab-potsdam:b7096,German,IDS,216,1,15,1.858101431531208,7.8895,0.5,German,FALSE
babylab-potsdam,HPP,b7096,babylab-potsdam:b7096,German,IDS,223,2,14,1.4807631603942195,5.442142857142857,0.5,German,FALSE
babylab-potsdam,HPP,b7105,babylab-potsdam:b7105,German,ADS,197,1,16,2.298322770212539,11.067875,-0.5,German,FALSE
babylab-potsdam,HPP,b7105,babylab-potsdam:b7105,German,ADS,204,2,14,1.8021121974716847,7.6852857142857145,-0.5,German,FALSE
babylab-potsdam,HPP,b7105,babylab-potsdam:b7105,German,IDS,197,1,16,2.2362103963616518,10.837375,0.5,German,FALSE
babylab-potsdam,HPP,b7105,babylab-potsdam:b7105,German,IDS,204,2,14,1.6152072406787312,5.659,0.5,German,FALSE
babylab-potsdam,HPP,b7135,babylab-potsdam:b7135,German,ADS,257,1,16,2.1548532262393443,9.616125,-0.5,German,FALSE
babylab-potsdam,HPP,b7135,babylab-potsdam:b7135,German,ADS,266,2,15,1.5882686722177908,5.801857142857143,-0.5,German,FALSE
babylab-potsdam,HPP,b7135,babylab-potsdam:b7135,German,IDS,257,1,16,2.3254487385336966,11.575000000000001,0.5,German,FALSE
babylab-potsdam,HPP,b7135,babylab-potsdam:b7135,German,IDS,266,2,15,1.3900365494615197,4.531750000000001,0.5,German,FALSE
babylab-potsdam,HPP,b7139,babylab-potsdam:b7139,German,ADS,206,1,16,2.430194516536,12.024625,-0.5,German,FALSE
babylab-potsdam,HPP,b7139,babylab-potsdam:b7139,German,ADS,213,2,13,1.4949558483169443,5.095,-0.5,German,FALSE
babylab-potsdam,HPP,b7139,babylab-potsdam:b7139,German,IDS,206,1,16,2.191627391255139,9.99,0.5,German,FALSE
babylab-potsdam,HPP,b7139,babylab-potsdam:b7139,German,IDS,213,2,13,2.157162642530067,9.621142857142857,0.5,German,FALSE
babylab-potsdam,HPP,b7140,babylab-potsdam:b7140,German,ADS,191,1,15,2.1360003945994923,9.610142857142858,-0.5,German,FALSE
babylab-potsdam,HPP,b7140,babylab-potsdam:b7140,German,ADS,196,2,14,1.3475018670002692,4.499333333333333,-0.5,German,FALSE
babylab-potsdam,HPP,b7140,babylab-potsdam:b7140,German,IDS,191,1,15,2.2315652152576946,10.956,0.5,German,FALSE
babylab-potsdam,HPP,b7140,babylab-potsdam:b7140,German,IDS,196,2,14,1.6950268087435956,6.942,0.5,German,FALSE
babylab-potsdam,HPP,b7145,babylab-potsdam:b7145,German,ADS,254,1,16,1.7513862618981448,6.802375,-0.5,German,FALSE
babylab-potsdam,HPP,b7145,babylab-potsdam:b7145,German,ADS,263,2,16,1.704180706213363,5.814,-0.5,German,FALSE
babylab-potsdam,HPP,b7145,babylab-potsdam:b7145,German,IDS,254,1,16,2.0127821466813716,8.510125,0.5,German,FALSE
babylab-potsdam,HPP,b7145,babylab-potsdam:b7145,German,IDS,263,2,16,1.9207205305724238,7.628375,0.5,German,FALSE
babylab-potsdam,HPP,b7146,babylab-potsdam:b7146,German,ADS,220,1,16,1.835091571871141,7.28475,-0.5,German,FALSE
babylab-potsdam,HPP,b7146,babylab-potsdam:b7146,German,ADS,230,2,16,1.901748532229191,9.00925,-0.5,German,FALSE
babylab-potsdam,HPP,b7146,babylab-potsdam:b7146,German,IDS,220,1,16,2.01410914953806,9.394125,0.5,German,FALSE
babylab-potsdam,HPP,b7146,babylab-potsdam:b7146,German,IDS,230,2,16,1.8062778608393986,7.024125,0.5,German,FALSE
babylab-potsdam,HPP,b7147,babylab-potsdam:b7147,German,ADS,210,1,16,1.9003445141600972,7.555499999999999,-0.5,German,FALSE
babylab-potsdam,HPP,b7147,babylab-potsdam:b7147,German,ADS,217,2,16,1.8826883280743498,8.4225,-0.5,German,FALSE
babylab-potsdam,HPP,b7147,babylab-potsdam:b7147,German,IDS,210,1,16,1.9267695522482422,7.93075,0.5,German,FALSE
babylab-potsdam,HPP,b7147,babylab-potsdam:b7147,German,IDS,217,2,16,1.9372328309726161,8.92025,0.5,German,FALSE
babylab-potsdam,HPP,b7149,babylab-potsdam:b7149,German,ADS,231,1,16,2.054857682824592,8.757125,-0.5,German,FALSE
babylab-potsdam,HPP,b7149,babylab-potsdam:b7149,German,ADS,242,2,15,1.2638797379748643,4.03475,-0.5,German,FALSE
babylab-potsdam,HPP,b7149,babylab-potsdam:b7149,German,IDS,231,1,16,2.1464329863128824,9.138874999999999,0.5,German,FALSE
babylab-potsdam,HPP,b7149,babylab-potsdam:b7149,German,IDS,242,2,15,1.523775949550581,5.431285714285714,0.5,German,FALSE
babylab-potsdam,HPP,b7151,babylab-potsdam:b7151,German,ADS,232,1,16,1.5478491332478441,5.98,-0.5,German,FALSE
babylab-potsdam,HPP,b7151,babylab-potsdam:b7151,German,ADS,241,2,14,1.8196630424679985,7.027666666666667,-0.5,German,FALSE
babylab-potsdam,HPP,b7151,babylab-potsdam:b7151,German,IDS,232,1,16,2.145789126316932,9.882875,0.5,German,FALSE
babylab-potsdam,HPP,b7151,babylab-potsdam:b7151,German,IDS,241,2,14,2.018075630779993,8.866375,0.5,German,FALSE
babylab-potsdam,HPP,b7155,babylab-potsdam:b7155,German,ADS,207,1,16,2.3174078345520264,12.021125,-0.5,German,FALSE
babylab-potsdam,HPP,b7155,babylab-potsdam:b7155,German,ADS,217,2,16,2.584634239694747,14.051124999999999,-0.5,German,FALSE
babylab-potsdam,HPP,b7155,babylab-potsdam:b7155,German,IDS,207,1,16,2.392977857538122,11.919375,0.5,German,FALSE
babylab-potsdam,HPP,b7155,babylab-potsdam:b7155,German,IDS,217,2,16,2.362337111903631,11.490625,0.5,German,FALSE
babylab-potsdam,HPP,b7161,babylab-potsdam:b7161,German,ADS,209,1,13,1.8790071797209187,7.367333333333334,-0.5,German,FALSE
babylab-potsdam,HPP,b7161,babylab-potsdam:b7161,German,ADS,222,2,14,1.676720294090227,5.775666666666667,-0.5,German,FALSE
babylab-potsdam,HPP,b7161,babylab-potsdam:b7161,German,IDS,209,1,13,1.854428974653555,7.110714285714286,0.5,German,FALSE
babylab-potsdam,HPP,b7161,babylab-potsdam:b7161,German,IDS,222,2,14,2.071604449591551,8.637875,0.5,German,FALSE
babylab-potsdam,HPP,b7167,babylab-potsdam:b7167,German,ADS,272,1,5,1.537134352077643,5.211,-0.5,German,FALSE
babylab-potsdam,HPP,b7167,babylab-potsdam:b7167,German,ADS,277,2,13,1.6337753754645565,5.438625,-0.5,German,FALSE
babylab-potsdam,HPP,b7167,babylab-potsdam:b7167,German,IDS,272,1,5,2.4055513568491733,11.1045,0.5,German,FALSE
babylab-potsdam,HPP,b7167,babylab-potsdam:b7167,German,IDS,277,2,13,1.7594886492841906,6.5188,0.5,German,FALSE
babylab-potsdam,HPP,b7171,babylab-potsdam:b7171,German,ADS,205,1,16,2.322519627938278,10.735125,-0.5,German,FALSE
babylab-potsdam,HPP,b7171,babylab-potsdam:b7171,German,ADS,212,2,14,1.4853427542006539,4.770428571428572,-0.5,German,FALSE
babylab-potsdam,HPP,b7171,babylab-potsdam:b7171,German,IDS,205,1,16,2.420700677935961,12.271875,0.5,German,FALSE
babylab-potsdam,HPP,b7171,babylab-potsdam:b7171,German,IDS,212,2,14,1.8203311932999147,7.974142857142858,0.5,German,FALSE
babylab-potsdam,HPP,b7172,babylab-potsdam:b7172,German,ADS,194,1,16,2.0633427955345254,8.716,-0.5,German,FALSE
babylab-potsdam,HPP,b7172,babylab-potsdam:b7172,German,ADS,205,2,13,1.8119036713448071,7.259333333333333,-0.5,German,FALSE
babylab-potsdam,HPP,b7172,babylab-potsdam:b7172,German,IDS,194,1,16,2.1688216501171866,10.8695,0.5,German,FALSE
babylab-potsdam,HPP,b7172,babylab-potsdam:b7172,German,IDS,205,2,13,1.352501392260174,4.424571428571428,0.5,German,FALSE
babylab-potsdam,HPP,b7181,babylab-potsdam:b7181,German,ADS,251,1,10,1.3165742035553685,4.0436,-0.5,German,FALSE
babylab-potsdam,HPP,b7181,babylab-potsdam:b7181,German,ADS,258,2,14,1.4905841060585914,5.276142857142857,-0.5,German,FALSE
babylab-potsdam,HPP,b7181,babylab-potsdam:b7181,German,IDS,251,1,10,1.2546197910859245,3.6304,0.5,German,FALSE
babylab-potsdam,HPP,b7181,babylab-potsdam:b7181,German,IDS,258,2,14,1.3828632847968567,5.014571428571428,0.5,German,FALSE
babylab-potsdam,HPP,b7184,babylab-potsdam:b7184,German,ADS,226,1,16,1.2214162679978782,3.609,-0.5,German,FALSE
babylab-potsdam,HPP,b7184,babylab-potsdam:b7184,German,ADS,261,2,15,1.462098876016743,4.943714285714286,-0.5,German,FALSE
babylab-potsdam,HPP,b7184,babylab-potsdam:b7184,German,IDS,226,1,16,1.4734982851311227,4.70325,0.5,German,FALSE
babylab-potsdam,HPP,b7184,babylab-potsdam:b7184,German,IDS,261,2,15,1.2444664896648985,3.715625,0.5,German,FALSE
babylab-potsdam,HPP,b7185,babylab-potsdam:b7185,German,ADS,213,1,15,1.630386960578953,6.195428571428572,-0.5,German,FALSE
babylab-potsdam,HPP,b7185,babylab-potsdam:b7185,German,ADS,220,2,12,1.5881198697293952,5.193666666666667,-0.5,German,FALSE
babylab-potsdam,HPP,b7185,babylab-potsdam:b7185,German,IDS,213,1,15,1.6858419412563814,6.157,0.5,German,FALSE
babylab-potsdam,HPP,b7185,babylab-potsdam:b7185,German,IDS,220,2,12,1.658960039345793,5.620833333333334,0.5,German,FALSE
babyling-oslo,Eyetracking,OS_003,babyling-oslo:OS_003,Norwegian,ADS,257,1,6,1.0866935085386282,3.0673333333333335,-0.5,Norwegian,FALSE
babyling-oslo,Eyetracking,OS_003,babyling-oslo:OS_003,Norwegian,ADS,279,2,8,1.2389586886324457,3.481333333333333,-0.5,Norwegian,FALSE
babyling-oslo,Eyetracking,OS_003,babyling-oslo:OS_003,Norwegian,IDS,257,1,6,1.3526183477094944,3.9676666666666667,0.5,Norwegian,FALSE
babyling-oslo,Eyetracking,OS_003,babyling-oslo:OS_003,Norwegian,IDS,279,2,8,1.2484842994248733,4.012,0.5,Norwegian,FALSE
babyling-oslo,Eyetracking,OS_004,babyling-oslo:OS_004,Norwegian,ADS,275,1,15,1.7132284186618734,6.38425,-0.5,Norwegian,FALSE
babyling-oslo,Eyetracking,OS_004,babyling-oslo:OS_004,Norwegian,ADS,297,2,3,0.7537468882608676,2.125,-0.5,Norwegian,FALSE
babyling-oslo,Eyetracking,OS_004,babyling-oslo:OS_004,Norwegian,IDS,275,1,15,1.6337140165432518,5.9951428571428576,0.5,Norwegian,FALSE
babyling-oslo,Eyetracking,OS_004,babyling-oslo:OS_004,Norwegian,IDS,297,2,3,1.3058974240478616,3.691,0.5,Norwegian,FALSE
babyling-oslo,Eyetracking,OS_005,babyling-oslo:OS_005,Norwegian,ADS,213,1,5,1.3573803509552484,3.886,-0.5,Norwegian,FALSE
babyling-oslo,Eyetracking,OS_005,babyling-oslo:OS_005,Norwegian,ADS,234,2,7,0.8923372147524123,2.4429999999999996,-0.5,Norwegian,FALSE
babyling-oslo,Eyetracking,OS_005,babyling-oslo:OS_005,Norwegian,IDS,213,1,5,1.7278663450443745,6.20175,0.5,Norwegian,FALSE
babyling-oslo,Eyetracking,OS_005,babyling-oslo:OS_005,Norwegian,IDS,234,2,7,1.2116678277223578,3.5324,0.5,Norwegian,FALSE
babyling-oslo,Eyetracking,OS_006,babyling-oslo:OS_006,Norwegian,ADS,275,1,7,0.8974467477989366,2.4843333333333333,-0.5,Norwegian,FALSE
babyling-oslo,Eyetracking,OS_006,babyling-oslo:OS_006,Norwegian,IDS,275,1,7,1.026717395497437,2.8489999999999998,0.5,Norwegian,FALSE
babyling-oslo,Eyetracking,OS_009,babyling-oslo:OS_009,Norwegian,ADS,260,1,10,1.6621342768826461,5.9736666666666665,-0.5,Norwegian,FALSE
babyling-oslo,Eyetracking,OS_009,babyling-oslo:OS_009,Norwegian,ADS,281,2,11,1.4289241579208014,5.183,-0.5,Norwegian,FALSE
babyling-oslo,Eyetracking,OS_009,babyling-oslo:OS_009,Norwegian,IDS,260,1,10,1.6442522639759243,6.34925,0.5,Norwegian,FALSE
babyling-oslo,Eyetracking,OS_009,babyling-oslo:OS_009,Norwegian,IDS,281,2,11,1.5269780026324995,5.445,0.5,Norwegian,FALSE
babyling-oslo,Eyetracking,OS_018,babyling-oslo:OS_018,Norwegian,ADS,243,1,15,1.9332518825457636,7.345285714285714,-0.5,Norwegian,FALSE
babyling-oslo,Eyetracking,OS_018,babyling-oslo:OS_018,Norwegian,ADS,255,2,5,1.05677073683842,2.99,-0.5,Norwegian,FALSE
babyling-oslo,Eyetracking,OS_018,babyling-oslo:OS_018,Norwegian,IDS,243,1,15,2.113829469908099,8.971875,0.5,Norwegian,FALSE
babyling-oslo,Eyetracking,OS_018,babyling-oslo:OS_018,Norwegian,IDS,255,2,5,1.4122682193914926,5.124,0.5,Norwegian,FALSE
babyling-oslo,Eyetracking,OS_026,babyling-oslo:OS_026,Norwegian,ADS,268,1,7,1.0563500943374877,2.8906,-0.5,Norwegian,FALSE
babyling-oslo,Eyetracking,OS_026,babyling-oslo:OS_026,Norwegian,ADS,282,2,16,1.4039536000738075,4.5525,-0.5,Norwegian,FALSE
babyling-oslo,Eyetracking,OS_026,babyling-oslo:OS_026,Norwegian,IDS,268,1,7,1.1405475133866414,3.129,0.5,Norwegian,FALSE
babyling-oslo,Eyetracking,OS_026,babyling-oslo:OS_026,Norwegian,IDS,282,2,16,1.4472677012884656,4.81775,0.5,Norwegian,FALSE
babyling-oslo,Eyetracking,OS_029,babyling-oslo:OS_029,Norwegian,ADS,267,1,5,1.8473518426517601,6.343,-0.5,Norwegian,FALSE
babyling-oslo,Eyetracking,OS_029,babyling-oslo:OS_029,Norwegian,IDS,267,1,5,1.843550856935567,6.833,0.5,Norwegian,FALSE
babyling-oslo,Eyetracking,OS_031,babyling-oslo:OS_031,Norwegian,ADS,249,1,14,1.3662515021161015,4.210833333333333,-0.5,Norwegian,FALSE
babyling-oslo,Eyetracking,OS_031,babyling-oslo:OS_031,Norwegian,ADS,253,2,10,1.482132978268642,4.64325,-0.5,Norwegian,FALSE
babyling-oslo,Eyetracking,OS_031,babyling-oslo:OS_031,Norwegian,IDS,249,1,14,1.6139708222687534,5.982625,0.5,Norwegian,FALSE
babyling-oslo,Eyetracking,OS_031,babyling-oslo:OS_031,Norwegian,IDS,253,2,10,1.4194305821288633,4.653833333333333,0.5,Norwegian,FALSE
babyling-oslo,Eyetracking,OS_032,babyling-oslo:OS_032,Norwegian,ADS,245,1,15,1.8857477855777882,6.667428571428571,-0.5,Norwegian,FALSE
babyling-oslo,Eyetracking,OS_032,babyling-oslo:OS_032,Norwegian,ADS,256,2,14,1.469790532297361,4.4245,-0.5,Norwegian,FALSE
babyling-oslo,Eyetracking,OS_032,babyling-oslo:OS_032,Norwegian,IDS,245,1,15,1.677683843067611,5.74575,0.5,Norwegian,FALSE
babyling-oslo,Eyetracking,OS_032,babyling-oslo:OS_032,Norwegian,IDS,256,2,14,1.644492587367847,6.01475,0.5,Norwegian,FALSE
babyling-oslo,Eyetracking,OS_042,babyling-oslo:OS_042,Norwegian,ADS,184,1,11,1.7596534169850422,6.62275,-0.5,Norwegian,FALSE
babyling-oslo,Eyetracking,OS_042,babyling-oslo:OS_042,Norwegian,ADS,203,2,10,1.5379050488390564,4.875333333333334,-0.5,Norwegian,FALSE
babyling-oslo,Eyetracking,OS_042,babyling-oslo:OS_042,Norwegian,IDS,184,1,11,1.5741824528306723,5.231285714285715,0.5,Norwegian,FALSE
babyling-oslo,Eyetracking,OS_042,babyling-oslo:OS_042,Norwegian,IDS,203,2,10,1.3163298003200563,4.091,0.5,Norwegian,FALSE
babyling-oslo,Eyetracking,OS_051,babyling-oslo:OS_051,Norwegian,ADS,212,1,3,0.8051356825079926,2.237,-0.5,Norwegian,FALSE
babyling-oslo,Eyetracking,OS_051,babyling-oslo:OS_051,Norwegian,IDS,212,1,3,0.9400293832460996,2.5965,0.5,Norwegian,FALSE
babyling-oslo,Eyetracking,OS_052,babyling-oslo:OS_052,Norwegian,ADS,216,1,8,1.4160549936730629,4.730333333333333,-0.5,Norwegian,FALSE
babyling-oslo,Eyetracking,OS_052,babyling-oslo:OS_052,Norwegian,ADS,229,2,11,1.9716533516191053,8.0642,-0.5,Norwegian,FALSE
babyling-oslo,Eyetracking,OS_052,babyling-oslo:OS_052,Norwegian,IDS,216,1,8,1.4805248432034612,4.5324,0.5,Norwegian,FALSE
babyling-oslo,Eyetracking,OS_052,babyling-oslo:OS_052,Norwegian,IDS,229,2,11,1.5641426933102864,5.4254999999999995,0.5,Norwegian,FALSE
brookes-babylab,central fixation,MB_103,brookes-babylab:MB_103,English,ADS,368,1,16,1.689989884461614,7.62125,-0.5,English,FALSE
brookes-babylab,central fixation,MB_103,brookes-babylab:MB_103,English,ADS,375,2,12,0.8760501552815755,2.4175,-0.5,English,FALSE
brookes-babylab,central fixation,MB_103,brookes-babylab:MB_103,English,IDS,368,1,16,1.550017788209279,5.365,0.5,English,FALSE
brookes-babylab,central fixation,MB_103,brookes-babylab:MB_103,English,IDS,375,2,12,1.918308665812908,8.0725,0.5,English,FALSE
brookes-babylab,central fixation,MB_135,brookes-babylab:MB_135,English,ADS,303,1,15,1.284647885351367,4.15875,-0.5,English,FALSE
brookes-babylab,central fixation,MB_135,brookes-babylab:MB_135,English,ADS,317,2,11,1.708450198435169,6.198333333333333,-0.5,English,FALSE
brookes-babylab,central fixation,MB_135,brookes-babylab:MB_135,English,IDS,303,1,15,2.0015300860203955,8.037142857142857,0.5,English,FALSE
brookes-babylab,central fixation,MB_135,brookes-babylab:MB_135,English,IDS,317,2,11,1.7024604983680758,5.756,0.5,English,FALSE
brookes-babylab,central fixation,MB_136,brookes-babylab:MB_136,English,ADS,295,1,16,1.5651419038100134,5.43625,-0.5,English,FALSE
brookes-babylab,central fixation,MB_136,brookes-babylab:MB_136,English,ADS,302,2,15,1.1797242724686783,3.367142857142857,-0.5,English,FALSE
brookes-babylab,central fixation,MB_136,brookes-babylab:MB_136,English,IDS,295,1,16,2.174140272358806,9.55875,0.5,English,FALSE
brookes-babylab,central fixation,MB_136,brookes-babylab:MB_136,English,IDS,302,2,15,1.8217815956591057,6.76375,0.5,English,FALSE
brookes-babylab,central fixation,MB_137,brookes-babylab:MB_137,English,ADS,252,1,16,1.669200050595933,5.86875,-0.5,English,FALSE
brookes-babylab,central fixation,MB_137,brookes-babylab:MB_137,English,ADS,262,2,15,1.4479240159992226,4.7,-0.5,English,FALSE
brookes-babylab,central fixation,MB_137,brookes-babylab:MB_137,English,IDS,252,1,16,2.027888527732701,8.375,0.5,English,FALSE
brookes-babylab,central fixation,MB_137,brookes-babylab:MB_137,English,IDS,262,2,15,2.1716526301537513,9.58375,0.5,English,FALSE
brookes-babylab,central fixation,MB_138,brookes-babylab:MB_138,English,ADS,240,1,15,1.2642788005900958,3.6685714285714286,-0.5,English,FALSE
brookes-babylab,central fixation,MB_138,brookes-babylab:MB_138,English,ADS,247,2,16,1.7507430730204003,6.35375,-0.5,English,FALSE
brookes-babylab,central fixation,MB_138,brookes-babylab:MB_138,English,IDS,240,1,15,2.0544288272167,9.43,0.5,English,FALSE
brookes-babylab,central fixation,MB_138,brookes-babylab:MB_138,English,IDS,247,2,16,2.48004248877366,12.66375,0.5,English,FALSE
brookes-babylab,central fixation,MB_139,brookes-babylab:MB_139,English,ADS,278,1,14,1.8079371794819623,6.645714285714286,-0.5,English,FALSE
brookes-babylab,central fixation,MB_139,brookes-babylab:MB_139,English,ADS,284,2,16,1.8446797211913528,7.0062500000000005,-0.5,English,FALSE
brookes-babylab,central fixation,MB_139,brookes-babylab:MB_139,English,IDS,278,1,14,2.1112634795080103,10.098571428571429,0.5,English,FALSE
brookes-babylab,central fixation,MB_139,brookes-babylab:MB_139,English,IDS,284,2,16,2.3186603513566935,10.748750000000001,0.5,English,FALSE
brookes-babylab,central fixation,MB_140,brookes-babylab:MB_140,English,ADS,253,1,15,1.3335010665474645,4.147142857142857,-0.5,English,FALSE
brookes-babylab,central fixation,MB_140,brookes-babylab:MB_140,English,ADS,261,2,16,1.531153559862088,5.65125,-0.5,English,FALSE
brookes-babylab,central fixation,MB_140,brookes-babylab:MB_140,English,IDS,253,1,15,2.064962667229893,10.213750000000001,0.5,English,FALSE
brookes-babylab,central fixation,MB_140,brookes-babylab:MB_140,English,IDS,261,2,16,1.9031524762734866,8.22625,0.5,English,FALSE
brookes-babylab,central fixation,MB_141,brookes-babylab:MB_141,English,ADS,260,1,15,1.7593705609898818,6.5600000000000005,-0.5,English,FALSE
brookes-babylab,central fixation,MB_141,brookes-babylab:MB_141,English,ADS,270,2,16,1.9131873444268914,8.91375,-0.5,English,FALSE
brookes-babylab,central fixation,MB_141,brookes-babylab:MB_141,English,IDS,260,1,15,2.2153548679862354,10.354285714285714,0.5,English,FALSE
brookes-babylab,central fixation,MB_141,brookes-babylab:MB_141,English,IDS,270,2,16,1.9149009045709382,7.4325,0.5,English,FALSE
brookes-babylab,central fixation,MB_142,brookes-babylab:MB_142,English,ADS,300,1,15,1.5659451425786215,5.6,-0.5,English,FALSE
brookes-babylab,central fixation,MB_142,brookes-babylab:MB_142,English,ADS,307,2,13,1.6481765933679091,5.486,-0.5,English,FALSE
brookes-babylab,central fixation,MB_142,brookes-babylab:MB_142,English,IDS,300,1,15,1.7233876622421125,5.965714285714285,0.5,English,FALSE
brookes-babylab,central fixation,MB_142,brookes-babylab:MB_142,English,IDS,307,2,13,1.9691334019322249,8.6175,0.5,English,FALSE
brookes-babylab,central fixation,MB_143,brookes-babylab:MB_143,English,ADS,287,1,16,1.871638670595234,6.955,-0.5,English,FALSE
brookes-babylab,central fixation,MB_143,brookes-babylab:MB_143,English,ADS,297,2,14,1.5622540673793106,6.268571428571429,-0.5,English,FALSE
brookes-babylab,central fixation,MB_143,brookes-babylab:MB_143,English,IDS,287,1,16,2.1767376788054054,10.17375,0.5,English,FALSE
brookes-babylab,central fixation,MB_143,brookes-babylab:MB_143,English,IDS,297,2,14,1.820196481274786,7.711428571428571,0.5,English,FALSE
brookes-babylab,central fixation,MB_144,brookes-babylab:MB_144,English,ADS,216,1,16,2.1725502317076018,9.28625,-0.5,English,FALSE
brookes-babylab,central fixation,MB_144,brookes-babylab:MB_144,English,ADS,224,2,15,2.4464360734389543,12.854285714285714,-0.5,English,FALSE
brookes-babylab,central fixation,MB_144,brookes-babylab:MB_144,English,IDS,216,1,16,2.3084009454843106,11.855,0.5,English,FALSE
brookes-babylab,central fixation,MB_144,brookes-babylab:MB_144,English,IDS,224,2,15,2.571364086624597,13.91375,0.5,English,FALSE
brookes-babylab,central fixation,MB_36,brookes-babylab:MB_36,English,ADS,217,1,15,1.3147997008443284,4.17,-0.5,English,FALSE
brookes-babylab,central fixation,MB_36,brookes-babylab:MB_36,English,ADS,229,2,14,1.180515556585194,3.4524999999999997,-0.5,English,FALSE
brookes-babylab,central fixation,MB_36,brookes-babylab:MB_36,English,IDS,217,1,15,1.759701431231719,6.45,0.5,English,FALSE
brookes-babylab,central fixation,MB_36,brookes-babylab:MB_36,English,IDS,229,2,14,1.9318811267231228,8.321666666666667,0.5,English,FALSE
brookes-babylab,central fixation,MB_42,brookes-babylab:MB_42,English,ADS,228,1,16,1.8097956840105929,6.81125,-0.5,English,FALSE
brookes-babylab,central fixation,MB_42,brookes-babylab:MB_42,English,ADS,235,2,16,1.562920778430566,4.96,-0.5,English,FALSE
brookes-babylab,central fixation,MB_42,brookes-babylab:MB_42,English,IDS,228,1,16,2.249298696399034,10.85375,0.5,English,FALSE
brookes-babylab,central fixation,MB_42,brookes-babylab:MB_42,English,IDS,235,2,16,2.269966724394867,10.838750000000001,0.5,English,FALSE
brookes-babylab,central fixation,MB_48,brookes-babylab:MB_48,English,ADS,269,1,16,2.11750049806192,9.6225,-0.5,English,FALSE
brookes-babylab,central fixation,MB_48,brookes-babylab:MB_48,English,ADS,278,2,14,1.4230272362771443,5.33,-0.5,English,FALSE
brookes-babylab,central fixation,MB_48,brookes-babylab:MB_48,English,IDS,269,1,16,2.1454026878617443,10.56875,0.5,English,FALSE
brookes-babylab,central fixation,MB_48,brookes-babylab:MB_48,English,IDS,278,2,14,1.819807128853816,7.475714285714285,0.5,English,FALSE
brookes-babylab,central fixation,MB_50,brookes-babylab:MB_50,English,ADS,255,1,16,1.5012147742358155,5.0725,-0.5,English,FALSE
brookes-babylab,central fixation,MB_50,brookes-babylab:MB_50,English,ADS,262,2,15,1.3085853201614115,4.228571428571429,-0.5,English,FALSE
brookes-babylab,central fixation,MB_50,brookes-babylab:MB_50,English,IDS,255,1,16,1.735472820252561,6.26,0.5,English,FALSE
brookes-babylab,central fixation,MB_50,brookes-babylab:MB_50,English,IDS,262,2,15,2.3279386241596205,11.635,0.5,English,FALSE
brookes-babylab,central fixation,MB_63,brookes-babylab:MB_63,English,ADS,174,1,15,1.4753063599506866,4.7371428571428575,-0.5,English,FALSE
brookes-babylab,central fixation,MB_63,brookes-babylab:MB_63,English,ADS,182,2,16,1.2929020127013162,4.16875,-0.5,English,FALSE
brookes-babylab,central fixation,MB_63,brookes-babylab:MB_63,English,IDS,174,1,15,2.104523528947851,8.665,0.5,English,FALSE
brookes-babylab,central fixation,MB_63,brookes-babylab:MB_63,English,IDS,182,2,16,1.8648349183275157,8.055,0.5,English,FALSE
brookes-babylab,central fixation,MB_80,brookes-babylab:MB_80,English,ADS,270,1,16,1.6539076049705281,5.78125,-0.5,English,FALSE
brookes-babylab,central fixation,MB_80,brookes-babylab:MB_80,English,ADS,282,2,16,1.796122601547576,7.12625,-0.5,English,FALSE
brookes-babylab,central fixation,MB_80,brookes-babylab:MB_80,English,IDS,270,1,16,1.7881241684382991,6.43625,0.5,English,FALSE
brookes-babylab,central fixation,MB_80,brookes-babylab:MB_80,English,IDS,282,2,16,2.2391457428653547,11.08,0.5,English,FALSE
brookes-babylab,central fixation,MB_88,brookes-babylab:MB_88,English,ADS,259,1,15,1.5587679215596855,5.414285714285715,-0.5,English,FALSE
brookes-babylab,central fixation,MB_88,brookes-babylab:MB_88,English,ADS,266,2,16,1.4146026764768442,4.4075,-0.5,English,FALSE
brookes-babylab,central fixation,MB_88,brookes-babylab:MB_88,English,IDS,259,1,15,1.4589332327615048,4.80375,0.5,English,FALSE
brookes-babylab,central fixation,MB_88,brookes-babylab:MB_88,English,IDS,266,2,16,1.7406249237080123,6.34125,0.5,English,FALSE
InfantCog-UBC,central fixation,AD42,InfantCog-UBC:AD42,English,ADS,158,1,16,2.006992508150671,8.3925,-0.5,American English,TRUE
InfantCog-UBC,central fixation,AD42,InfantCog-UBC:AD42,English,ADS,169,2,16,1.6208357250115812,5.69625,-0.5,American English,TRUE
InfantCog-UBC,central fixation,AD42,InfantCog-UBC:AD42,English,IDS,158,1,16,2.2251924977647355,10.0975,0.5,American English,TRUE
InfantCog-UBC,central fixation,AD42,InfantCog-UBC:AD42,English,IDS,169,2,16,1.680214076071282,6.425,0.5,American English,TRUE
InfantCog-UBC,central fixation,HV25,InfantCog-UBC:HV25,English,ADS,163,1,10,1.1022409377176652,3.22,-0.5,American English,TRUE
InfantCog-UBC,central fixation,HV25,InfantCog-UBC:HV25,English,ADS,172,2,9,1.1022409377176652,3.22,-0.5,American English,TRUE
InfantCog-UBC,central fixation,HV25,InfantCog-UBC:HV25,English,IDS,163,1,10,1.0892983093407627,3.155,0.5,American English,TRUE
InfantCog-UBC,central fixation,HV25,InfantCog-UBC:HV25,English,IDS,172,2,9,1.0802334259706865,3.1639999999999997,0.5,American English,TRUE
InfantCog-UBC,central fixation,ML23,InfantCog-UBC:ML23,English,ADS,135,1,15,2.069641218660406,8.75,-0.5,American English,TRUE
InfantCog-UBC,central fixation,ML23,InfantCog-UBC:ML23,English,ADS,184,2,15,1.953234265251518,8.05875,-0.5,American English,TRUE
InfantCog-UBC,central fixation,ML23,InfantCog-UBC:ML23,English,IDS,135,1,15,2.0492019994672437,8.7825,0.5,American English,TRUE
InfantCog-UBC,central fixation,ML23,InfantCog-UBC:ML23,English,IDS,184,2,15,2.2077183776013554,10.76142857142857,0.5,American English,TRUE
InfantCog-UBC,central fixation,OS32,InfantCog-UBC:OS32,English,ADS,104,1,14,2.348846192812279,11.28,-0.5,American English,TRUE
InfantCog-UBC,central fixation,OS32,InfantCog-UBC:OS32,English,ADS,112,2,13,1.9370113184127622,7.6085714285714285,-0.5,American English,TRUE
InfantCog-UBC,central fixation,OS32,InfantCog-UBC:OS32,English,IDS,104,1,14,2.0472503676247302,9.125714285714286,0.5,American English,TRUE
InfantCog-UBC,central fixation,OS32,InfantCog-UBC:OS32,English,IDS,112,2,13,1.801008117602389,7.101666666666667,0.5,American English,TRUE
InfantCog-UBC,central fixation,PH39,InfantCog-UBC:PH39,English,ADS,116,1,16,1.7085927103564678,6.26,-0.5,American English,TRUE
InfantCog-UBC,central fixation,PH39,InfantCog-UBC:PH39,English,ADS,159,2,14,2.4942047181642417,13.167142857142856,-0.5,American English,TRUE
InfantCog-UBC,central fixation,PH39,InfantCog-UBC:PH39,English,IDS,116,1,16,1.85579396091501,7.1775,0.5,American English,TRUE
InfantCog-UBC,central fixation,PH39,InfantCog-UBC:PH39,English,IDS,159,2,14,2.2976513904196727,10.98,0.5,American English,TRUE
InfantCog-UBC,central fixation,VF48,InfantCog-UBC:VF48,English,ADS,170,1,11,1.6703274824228849,6.264,-0.5,American English,TRUE
InfantCog-UBC,central fixation,VF48,InfantCog-UBC:VF48,English,ADS,199,2,9,1.742854737352193,6.09,-0.5,American English,TRUE
InfantCog-UBC,central fixation,VF48,InfantCog-UBC:VF48,English,IDS,170,1,11,1.8536925024135962,8.051666666666666,0.5,American English,TRUE
InfantCog-UBC,central fixation,VF48,InfantCog-UBC:VF48,English,IDS,199,2,9,1.46359446313517,5.106,0.5,American English,TRUE
InfantCog-UBC,central fixation,VM20,InfantCog-UBC:VM20,English,ADS,108,1,12,1.5918544473596232,6.1033333333333335,-0.5,American English,TRUE
InfantCog-UBC,central fixation,VM20,InfantCog-UBC:VM20,English,ADS,113,2,16,2.251763500751688,10.2,-0.5,American English,TRUE
InfantCog-UBC,central fixation,VM20,InfantCog-UBC:VM20,English,IDS,108,1,12,2.078181319515309,8.608333333333334,0.5,American English,TRUE
InfantCog-UBC,central fixation,VM20,InfantCog-UBC:VM20,English,IDS,113,2,16,2.020408042545804,8.5825,0.5,American English,TRUE
infantll-madison,HPP,mb2_002,infantll-madison:mb2_002,English,ADS,217,1,9,1.5361631466712387,5.0817499999999995,-0.5,American English,TRUE
infantll-madison,HPP,mb2_002,infantll-madison:mb2_002,English,ADS,224,2,13,1.5323739010856794,4.768571428571429,-0.5,American English,TRUE
infantll-madison,HPP,mb2_002,infantll-madison:mb2_002,English,IDS,217,1,9,1.8004343653305277,6.6948,0.5,American English,TRUE
infantll-madison,HPP,mb2_002,infantll-madison:mb2_002,English,IDS,224,2,13,1.7431497436168244,6.737333333333334,0.5,American English,TRUE
infantll-madison,HPP,mb2_003,infantll-madison:mb2_003,English,ADS,253,1,14,1.2544951328848999,3.7043749999999998,-0.5,American English,TRUE
infantll-madison,HPP,mb2_003,infantll-madison:mb2_003,English,ADS,260,2,11,1.5710163391983232,6.2202,-0.5,American English,TRUE
infantll-madison,HPP,mb2_003,infantll-madison:mb2_003,English,IDS,253,1,14,1.8541513504863778,7.050666666666666,0.5,American English,TRUE
infantll-madison,HPP,mb2_003,infantll-madison:mb2_003,English,IDS,260,2,11,2.036578737092377,9.513666666666667,0.5,American English,TRUE
infantll-madison,HPP,mb2_004,infantll-madison:mb2_004,English,ADS,248,1,12,2.014268865023854,8.43,-0.5,American English,TRUE
infantll-madison,HPP,mb2_004,infantll-madison:mb2_004,English,ADS,256,2,3,2.7721511265087337,15.993,-0.5,American English,TRUE
infantll-madison,HPP,mb2_004,infantll-madison:mb2_004,English,IDS,248,1,12,1.91680525455486,7.7215,0.5,American English,TRUE
infantll-madison,HPP,mb2_004,infantll-madison:mb2_004,English,IDS,256,2,3,1.8730364982517684,6.577,0.5,American English,TRUE
infantll-madison,HPP,mb2_005,infantll-madison:mb2_005,English,ADS,225,1,13,1.559509290266259,5.276142857142857,-0.5,American English,TRUE
infantll-madison,HPP,mb2_005,infantll-madison:mb2_005,English,ADS,232,2,11,1.442472514478042,4.3395,-0.5,American English,TRUE
infantll-madison,HPP,mb2_005,infantll-madison:mb2_005,English,IDS,225,1,13,1.5940565866294907,6.7076666666666664,0.5,American English,TRUE
infantll-madison,HPP,mb2_005,infantll-madison:mb2_005,English,IDS,232,2,11,1.5569799320912752,4.9034,0.5,American English,TRUE
infantll-madison,HPP,mb2_007,infantll-madison:mb2_007,English,ADS,225,1,16,1.6320142848251282,5.458,-0.5,American English,TRUE
infantll-madison,HPP,mb2_007,infantll-madison:mb2_007,English,ADS,232,2,13,1.2395843122006551,3.6414999999999997,-0.5,American English,TRUE
infantll-madison,HPP,mb2_007,infantll-madison:mb2_007,English,IDS,225,1,16,1.6005516012954981,5.5815,0.5,American English,TRUE
infantll-madison,HPP,mb2_007,infantll-madison:mb2_007,English,IDS,232,2,13,1.8273304966474915,7.363571428571428,0.5,American English,TRUE
infantll-madison,HPP,mb2_008,infantll-madison:mb2_008,English,ADS,188,1,11,1.5412291093473358,5.691,-0.5,American English,TRUE
infantll-madison,HPP,mb2_008,infantll-madison:mb2_008,English,ADS,191,2,7,2.2875004717289595,10.697666666666667,-0.5,American English,TRUE
infantll-madison,HPP,mb2_008,infantll-madison:mb2_008,English,IDS,188,1,11,2.0432462808711302,9.3146,0.5,American English,TRUE
infantll-madison,HPP,mb2_008,infantll-madison:mb2_008,English,IDS,191,2,7,2.455950099411552,12.798,0.5,American English,TRUE
infantll-madison,HPP,mb2_009,infantll-madison:mb2_009,English,ADS,218,1,15,2.314402809192737,11.12175,-0.5,American English,TRUE
infantll-madison,HPP,mb2_009,infantll-madison:mb2_009,English,ADS,225,2,16,1.662302167773782,7.391,-0.5,American English,TRUE
infantll-madison,HPP,mb2_009,infantll-madison:mb2_009,English,IDS,218,1,15,2.781674261002415,16.17157142857143,0.5,American English,TRUE
infantll-madison,HPP,mb2_009,infantll-madison:mb2_009,English,IDS,225,2,16,1.7637936756626718,8.508875,0.5,American English,TRUE
infantll-madison,HPP,mb2_010,infantll-madison:mb2_010,English,ADS,219,1,8,2.1630389039713354,10.195500000000001,-0.5,American English,TRUE
infantll-madison,HPP,mb2_010,infantll-madison:mb2_010,English,ADS,226,2,9,1.8126503243895933,7.114,-0.5,American English,TRUE
infantll-madison,HPP,mb2_010,infantll-madison:mb2_010,English,IDS,219,1,8,1.9685955274046425,8.1035,0.5,American English,TRUE
infantll-madison,HPP,mb2_010,infantll-madison:mb2_010,English,IDS,226,2,9,1.9025033630408263,6.7132,0.5,American English,TRUE
infantll-madison,HPP,mb2_011,infantll-madison:mb2_011,English,ADS,222,1,12,2.2197303671551047,9.6372,-0.5,American English,TRUE
infantll-madison,HPP,mb2_011,infantll-madison:mb2_011,English,ADS,229,2,12,0.9415143127009512,2.7561999999999998,-0.5,American English,TRUE
infantll-madison,HPP,mb2_011,infantll-madison:mb2_011,English,IDS,222,1,12,1.677298097571369,5.635142857142857,0.5,American English,TRUE
infantll-madison,HPP,mb2_011,infantll-madison:mb2_011,English,IDS,229,2,12,1.912462164926585,6.952571428571429,0.5,American English,TRUE
infantll-madison,HPP,mb2_012,infantll-madison:mb2_012,English,ADS,256,1,12,1.4961479745510615,5.1615,-0.5,American English,TRUE
infantll-madison,HPP,mb2_012,infantll-madison:mb2_012,English,ADS,263,2,15,1.4416761191427434,5.430428571428571,-0.5,American English,TRUE
infantll-madison,HPP,mb2_012,infantll-madison:mb2_012,English,IDS,256,1,12,1.5514208381791172,5.3965,0.5,American English,TRUE
infantll-madison,HPP,mb2_012,infantll-madison:mb2_012,English,IDS,263,2,15,1.7965768823532862,6.68775,0.5,American English,TRUE
infantll-madison,HPP,mb2_013,infantll-madison:mb2_013,English,ADS,209,1,12,1.515371656498836,5.628333333333334,-0.5,American English,TRUE
infantll-madison,HPP,mb2_013,infantll-madison:mb2_013,English,ADS,222,2,10,1.1669162961637947,3.2535,-0.5,American English,TRUE
infantll-madison,HPP,mb2_013,infantll-madison:mb2_013,English,IDS,209,1,12,1.3048894377086009,3.9526666666666666,0.5,American English,TRUE
infantll-madison,HPP,mb2_013,infantll-madison:mb2_013,English,IDS,222,2,10,1.49568654217809,5.693666666666666,0.5,American English,TRUE
infantll-madison,HPP,mb2_014,infantll-madison:mb2_014,English,ADS,192,1,9,2.417847614225796,11.8854,-0.5,American English,TRUE
infantll-madison,HPP,mb2_014,infantll-madison:mb2_014,English,ADS,199,2,10,2.171900963676622,10.089333333333334,-0.5,American English,TRUE
infantll-madison,HPP,mb2_014,infantll-madison:mb2_014,English,IDS,192,1,9,2.186514407867427,11.16825,0.5,American English,TRUE
infantll-madison,HPP,mb2_014,infantll-madison:mb2_014,English,IDS,199,2,10,2.0903334850607034,9.53,0.5,American English,TRUE
infantll-madison,HPP,mb2_015,infantll-madison:mb2_015,English,ADS,209,1,13,1.3696842876161477,4.191833333333333,-0.5,American English,TRUE
infantll-madison,HPP,mb2_015,infantll-madison:mb2_015,English,ADS,224,2,11,2.5213363161839584,13.3904,-0.5,American English,TRUE
infantll-madison,HPP,mb2_015,infantll-madison:mb2_015,English,IDS,209,1,13,1.9648040156765665,8.016714285714286,0.5,American English,TRUE
infantll-madison,HPP,mb2_015,infantll-madison:mb2_015,English,IDS,224,2,11,2.2937244144925666,11.260333333333334,0.5,American English,TRUE
infantll-madison,HPP,mb2_016,infantll-madison:mb2_016,English,ADS,263,1,13,1.2716569453815212,3.711333333333333,-0.5,American English,TRUE
infantll-madison,HPP,mb2_016,infantll-madison:mb2_016,English,ADS,270,2,11,1.0299188761404656,3.027,-0.5,American English,TRUE
infantll-madison,HPP,mb2_016,infantll-madison:mb2_016,English,IDS,263,1,13,1.5919515217355824,6.426571428571428,0.5,American English,TRUE
infantll-madison,HPP,mb2_016,infantll-madison:mb2_016,English,IDS,270,2,11,1.46888440659923,4.518,0.5,American English,TRUE
infantll-madison,HPP,mb2_017,infantll-madison:mb2_017,English,ADS,253,1,16,1.597720267427734,6.2,-0.5,American English,TRUE
infantll-madison,HPP,mb2_017,infantll-madison:mb2_017,English,ADS,258,2,15,0.8860314599088782,2.4465714285714286,-0.5,American English,TRUE
infantll-madison,HPP,mb2_017,infantll-madison:mb2_017,English,IDS,253,1,16,1.786838313881176,6.879125,0.5,American English,TRUE
infantll-madison,HPP,mb2_017,infantll-madison:mb2_017,English,IDS,258,2,15,1.2049640957371444,3.525125,0.5,American English,TRUE
infantll-madison,HPP,mb2_018,infantll-madison:mb2_018,English,ADS,205,1,16,2.0087867175614416,8.244625,-0.5,American English,TRUE
infantll-madison,HPP,mb2_018,infantll-madison:mb2_018,English,ADS,212,2,13,1.9502187811332747,7.761666666666667,-0.5,American English,TRUE
infantll-madison,HPP,mb2_018,infantll-madison:mb2_018,English,IDS,205,1,16,1.9848463505045062,7.814125,0.5,American English,TRUE
infantll-madison,HPP,mb2_018,infantll-madison:mb2_018,English,IDS,212,2,13,1.9188071421803237,8.979714285714286,0.5,American English,TRUE
infantll-madison,HPP,mb2_019,infantll-madison:mb2_019,English,ADS,185,1,13,1.6597977083460358,6.099333333333333,-0.5,American English,TRUE
infantll-madison,HPP,mb2_019,infantll-madison:mb2_019,English,ADS,192,2,12,1.7604301185147482,6.7615,-0.5,American English,TRUE
infantll-madison,HPP,mb2_019,infantll-madison:mb2_019,English,IDS,185,1,13,1.669598960439959,5.739857142857143,0.5,American English,TRUE
infantll-madison,HPP,mb2_019,infantll-madison:mb2_019,English,IDS,192,2,12,1.6437119533814861,6.398166666666667,0.5,American English,TRUE
infantll-madison,HPP,mb2_020,infantll-madison:mb2_020,English,ADS,266,1,16,1.8621339180572822,7.335500000000001,-0.5,American English,TRUE
infantll-madison,HPP,mb2_020,infantll-madison:mb2_020,English,ADS,272,2,12,2.3941707701299237,11.622399999999999,-0.5,American English,TRUE
infantll-madison,HPP,mb2_020,infantll-madison:mb2_020,English,IDS,266,1,16,1.7849293950896332,6.602125,0.5,American English,TRUE
infantll-madison,HPP,mb2_020,infantll-madison:mb2_020,English,IDS,272,2,12,2.3162665860640073,10.658142857142858,0.5,American English,TRUE
infantll-madison,HPP,mb2_021,infantll-madison:mb2_021,English,ADS,245,1,14,1.9357867967005924,8.034714285714285,-0.5,American English,TRUE
infantll-madison,HPP,mb2_021,infantll-madison:mb2_021,English,ADS,273,2,16,1.4370901064918096,4.642875,-0.5,American English,TRUE
infantll-madison,HPP,mb2_021,infantll-madison:mb2_021,English,IDS,245,1,14,2.211936530532434,10.863857142857142,0.5,American English,TRUE
infantll-madison,HPP,mb2_021,infantll-madison:mb2_021,English,IDS,273,2,16,2.089508620724109,9.8115,0.5,American English,TRUE
infantll-madison,HPP,mb2_022,infantll-madison:mb2_022,English,ADS,218,1,15,1.685018731099501,6.099285714285714,-0.5,American English,TRUE
infantll-madison,HPP,mb2_022,infantll-madison:mb2_022,English,ADS,225,2,16,1.930422917703496,9.037,-0.5,American English,TRUE
infantll-madison,HPP,mb2_022,infantll-madison:mb2_022,English,IDS,218,1,15,1.8922557960070128,7.85825,0.5,American English,TRUE
infantll-madison,HPP,mb2_022,infantll-madison:mb2_022,English,IDS,225,2,16,1.7019961411550433,5.657375,0.5,American English,TRUE
infantll-madison,HPP,mb2_023,infantll-madison:mb2_023,English,ADS,251,1,13,1.4201288660670668,5.384857142857142,-0.5,American English,TRUE
infantll-madison,HPP,mb2_023,infantll-madison:mb2_023,English,ADS,258,2,14,1.7035803311224424,6.4885,-0.5,American English,TRUE
infantll-madison,HPP,mb2_023,infantll-madison:mb2_023,English,IDS,251,1,13,2.678000304293887,15.1155,0.5,American English,TRUE
infantll-madison,HPP,mb2_023,infantll-madison:mb2_023,English,IDS,258,2,14,2.4067374145068383,11.651833333333334,0.5,American English,TRUE
infantll-madison,HPP,mb2_024,infantll-madison:mb2_024,English,ADS,249,1,8,1.694754980400446,7.170999999999999,-0.5,American English,TRUE
infantll-madison,HPP,mb2_024,infantll-madison:mb2_024,English,ADS,256,2,6,1.9205439042365202,7.6538,-0.5,American English,TRUE
infantll-madison,HPP,mb2_024,infantll-madison:mb2_024,English,IDS,249,1,8,1.8186994390285471,7.3235,0.5,American English,TRUE
infantll-madison,HPP,mb2_024,infantll-madison:mb2_024,English,IDS,256,2,6,1.5564589876432138,4.742,0.5,American English,TRUE
infantll-madison,HPP,mb2_025,infantll-madison:mb2_025,English,ADS,225,1,13,1.7670933563410323,6.258166666666667,-0.5,American English,TRUE
infantll-madison,HPP,mb2_025,infantll-madison:mb2_025,English,ADS,235,2,12,1.3947159321783134,4.3946,-0.5,American English,TRUE
infantll-madison,HPP,mb2_025,infantll-madison:mb2_025,English,IDS,225,1,13,2.1196469710083856,8.710285714285714,0.5,American English,TRUE
infantll-madison,HPP,mb2_025,infantll-madison:mb2_025,English,IDS,235,2,12,1.44478442870788,4.868857142857143,0.5,American English,TRUE
infantll-madison,HPP,mb2_027,infantll-madison:mb2_027,English,ADS,218,1,13,1.566522393805904,5.869714285714286,-0.5,American English,TRUE
infantll-madison,HPP,mb2_027,infantll-madison:mb2_027,English,ADS,225,2,12,1.8034026472230906,6.379166666666666,-0.5,American English,TRUE
infantll-madison,HPP,mb2_027,infantll-madison:mb2_027,English,IDS,218,1,13,2.0058923031238276,8.557666666666666,0.5,American English,TRUE
infantll-madison,HPP,mb2_027,infantll-madison:mb2_027,English,IDS,225,2,12,1.8353058044634567,7.283,0.5,American English,TRUE
infantll-madison,HPP,mb2_028,infantll-madison:mb2_028,English,ADS,191,1,10,2.2600109144786216,11.4378,-0.5,American English,TRUE
infantll-madison,HPP,mb2_028,infantll-madison:mb2_028,English,ADS,198,2,16,2.24165460499363,10.7345,-0.5,American English,TRUE
infantll-madison,HPP,mb2_028,infantll-madison:mb2_028,English,IDS,191,1,10,2.4194305416357618,11.988,0.5,American English,TRUE
infantll-madison,HPP,mb2_028,infantll-madison:mb2_028,English,IDS,198,2,16,2.230313661646618,10.120625,0.5,American English,TRUE
infantll-madison,HPP,mb2_029,infantll-madison:mb2_029,English,ADS,238,1,16,1.3944411044106175,4.4145,-0.5,American English,TRUE
infantll-madison,HPP,mb2_029,infantll-madison:mb2_029,English,ADS,245,2,15,1.9090609673929506,8.293857142857142,-0.5,American English,TRUE
infantll-madison,HPP,mb2_029,infantll-madison:mb2_029,English,IDS,238,1,16,1.5195898275981836,5.332,0.5,American English,TRUE
infantll-madison,HPP,mb2_029,infantll-madison:mb2_029,English,IDS,245,2,15,1.796248856781386,6.8955,0.5,American English,TRUE
infantll-madison,HPP,mb2_031,infantll-madison:mb2_031,English,ADS,224,1,16,1.43191205573268,5.782375,-0.5,American English,TRUE
infantll-madison,HPP,mb2_031,infantll-madison:mb2_031,English,ADS,238,2,15,1.4608034036008961,4.801714285714286,-0.5,American English,TRUE
infantll-madison,HPP,mb2_031,infantll-madison:mb2_031,English,IDS,224,1,16,1.6887190888341441,7.123625,0.5,American English,TRUE
infantll-madison,HPP,mb2_031,infantll-madison:mb2_031,English,IDS,238,2,15,1.2878456385911918,4.169125,0.5,American English,TRUE
infantll-madison,HPP,mb2_032,infantll-madison:mb2_032,English,ADS,238,1,15,1.646772634137509,6.793857142857143,-0.5,American English,TRUE
infantll-madison,HPP,mb2_032,infantll-madison:mb2_032,English,ADS,246,2,12,1.33473518634585,3.894,-0.5,American English,TRUE
infantll-madison,HPP,mb2_032,infantll-madison:mb2_032,English,IDS,238,1,15,1.5649987775121896,5.0005,0.5,American English,TRUE
infantll-madison,HPP,mb2_032,infantll-madison:mb2_032,English,IDS,246,2,12,1.719702220425797,7.08,0.5,American English,TRUE
infantll-madison,HPP,mb2_033,infantll-madison:mb2_033,English,ADS,208,1,15,1.6415303595987727,6.268625,-0.5,American English,TRUE
infantll-madison,HPP,mb2_033,infantll-madison:mb2_033,English,ADS,224,2,13,1.7325931960569823,5.8124,-0.5,American English,TRUE
infantll-madison,HPP,mb2_033,infantll-madison:mb2_033,English,IDS,208,1,15,2.116287007405873,9.58842857142857,0.5,American English,TRUE
infantll-madison,HPP,mb2_033,infantll-madison:mb2_033,English,IDS,224,2,13,1.5547508146862918,5.834375,0.5,American English,TRUE
infantll-madison,HPP,mb2_034,infantll-madison:mb2_034,English,ADS,202,1,13,1.7505394251897408,6.639666666666667,-0.5,American English,TRUE
infantll-madison,HPP,mb2_034,infantll-madison:mb2_034,English,ADS,209,2,11,1.5509922532011398,5.6734285714285715,-0.5,American English,TRUE
infantll-madison,HPP,mb2_034,infantll-madison:mb2_034,English,IDS,202,1,13,1.5997136071019022,6.190142857142857,0.5,American English,TRUE
infantll-madison,HPP,mb2_034,infantll-madison:mb2_034,English,IDS,209,2,11,1.0058387943570417,2.78425,0.5,American English,TRUE
lancslab,Eyetracking,P01,lancslab:P01,English,ADS,208,1,12,2.448718066096078,11.6875,-0.5,English,FALSE
lancslab,Eyetracking,P01,lancslab:P01,English,ADS,215,2,16,2.115195796201661,9.381875,-0.5,English,FALSE
lancslab,Eyetracking,P01,lancslab:P01,English,IDS,208,1,12,2.2087867903459055,9.188500000000001,0.5,English,FALSE
lancslab,Eyetracking,P01,lancslab:P01,English,IDS,215,2,16,2.338009764213301,11.188125,0.5,English,FALSE
lancslab,Eyetracking,P02,lancslab:P02,English,ADS,204,1,7,2.0551652353300778,9.9365,-0.5,English,FALSE
lancslab,Eyetracking,P02,lancslab:P02,English,ADS,211,2,14,1.9827676620835197,8.524285714285714,-0.5,English,FALSE
lancslab,Eyetracking,P02,lancslab:P02,English,IDS,204,1,7,1.8543644927963134,7.6126,0.5,English,FALSE
lancslab,Eyetracking,P02,lancslab:P02,English,IDS,211,2,14,2.2964179513743286,10.423428571428571,0.5,English,FALSE
lancslab,Eyetracking,P03,lancslab:P03,English,ADS,258,1,11,1.9261338365573621,7.8948,-0.5,English,FALSE
lancslab,Eyetracking,P03,lancslab:P03,English,ADS,265,2,9,1.9429686746516615,8.04525,-0.5,English,FALSE
lancslab,Eyetracking,P03,lancslab:P03,English,IDS,258,1,11,1.7370979348419378,6.720666666666666,0.5,English,FALSE
lancslab,Eyetracking,P03,lancslab:P03,English,IDS,265,2,9,1.9748169838427072,8.0138,0.5,English,FALSE
lancslab,Eyetracking,P04,lancslab:P04,English,ADS,250,1,16,2.2929805930175924,10.359375,-0.5,English,FALSE
lancslab,Eyetracking,P04,lancslab:P04,English,ADS,257,2,14,1.5321642539942544,5.658875,-0.5,English,FALSE
lancslab,Eyetracking,P04,lancslab:P04,English,IDS,250,1,16,2.3895258987674324,11.251875,0.5,English,FALSE
lancslab,Eyetracking,P04,lancslab:P04,English,IDS,257,2,14,2.2134124494294847,9.4945,0.5,English,FALSE
lancslab,Eyetracking,P05,lancslab:P05,English,ADS,186,1,15,2.16250775159683,9.444714285714285,-0.5,English,FALSE
lancslab,Eyetracking,P05,lancslab:P05,English,ADS,193,2,16,2.2057139589259855,9.713375,-0.5,English,FALSE
lancslab,Eyetracking,P05,lancslab:P05,English,IDS,186,1,15,2.2119787192665177,10.172,0.5,English,FALSE
lancslab,Eyetracking,P05,lancslab:P05,English,IDS,193,2,16,2.3486797208225956,11.443125,0.5,English,FALSE
lancslab,Eyetracking,P06,lancslab:P06,English,ADS,257,1,15,2.1978954089796843,9.753142857142857,-0.5,English,FALSE
lancslab,Eyetracking,P06,lancslab:P06,English,ADS,264,2,16,2.282468759508298,10.189375,-0.5,English,FALSE
lancslab,Eyetracking,P06,lancslab:P06,English,IDS,257,1,15,2.53648698421358,12.991875,0.5,English,FALSE
lancslab,Eyetracking,P06,lancslab:P06,English,IDS,264,2,16,2.39657233465261,12.135125,0.5,English,FALSE
lancslab,Eyetracking,P07,lancslab:P07,English,ADS,210,1,16,2.5622183366792184,13.317375,-0.5,English,FALSE
lancslab,Eyetracking,P07,lancslab:P07,English,ADS,217,2,16,2.5219719660437847,12.756375,-0.5,English,FALSE
lancslab,Eyetracking,P07,lancslab:P07,English,IDS,210,1,16,2.669165748686902,14.64975,0.5,English,FALSE
lancslab,Eyetracking,P07,lancslab:P07,English,IDS,217,2,16,2.636166661218242,14.347999999999999,0.5,English,FALSE
lancslab,Eyetracking,P08,lancslab:P08,English,ADS,233,1,16,2.5067151986794363,12.586375,-0.5,English,FALSE
lancslab,Eyetracking,P08,lancslab:P08,English,ADS,240,2,12,2.2106070728196623,10.4238,-0.5,English,FALSE
lancslab,Eyetracking,P08,lancslab:P08,English,IDS,233,1,16,2.5711760529934864,13.217500000000001,0.5,English,FALSE
lancslab,Eyetracking,P08,lancslab:P08,English,IDS,240,2,12,2.270588440458273,11.198142857142857,0.5,English,FALSE
lancslab,Eyetracking,P09,lancslab:P09,English,ADS,249,1,13,2.2238839996656146,9.899666666666667,-0.5,English,FALSE
lancslab,Eyetracking,P09,lancslab:P09,English,ADS,256,2,16,1.7732130251175475,6.749,-0.5,English,FALSE
lancslab,Eyetracking,P09,lancslab:P09,English,IDS,249,1,13,2.369510736766638,11.540571428571429,0.5,English,FALSE
lancslab,Eyetracking,P09,lancslab:P09,English,IDS,256,2,16,2.0626573332703466,8.60625,0.5,English,FALSE
lancslab,Eyetracking,P10,lancslab:P10,English,ADS,229,1,16,2.5106785677686894,12.89625,-0.5,English,FALSE
lancslab,Eyetracking,P10,lancslab:P10,English,ADS,236,2,16,2.311792233005446,10.894875,-0.5,English,FALSE
lancslab,Eyetracking,P10,lancslab:P10,English,IDS,229,1,16,2.509875422890081,12.475875,0.5,English,FALSE
lancslab,Eyetracking,P10,lancslab:P10,English,IDS,236,2,16,2.4787904125162616,12.254875,0.5,English,FALSE
lancslab,Eyetracking,P11,lancslab:P11,English,ADS,235,1,16,2.103273370984151,8.97175,-0.5,English,FALSE
lancslab,Eyetracking,P11,lancslab:P11,English,ADS,242,2,16,2.6271029275295437,14.177624999999999,-0.5,English,FALSE
lancslab,Eyetracking,P11,lancslab:P11,English,IDS,235,1,16,2.4604688921813063,12.016875,0.5,English,FALSE
lancslab,Eyetracking,P11,lancslab:P11,English,IDS,242,2,16,2.715973013311374,15.21925,0.5,English,FALSE
lancslab,Eyetracking,P12,lancslab:P12,English,ADS,239,1,3,2.335632947040246,10.336,-0.5,English,FALSE
lancslab,Eyetracking,P12,lancslab:P12,English,IDS,239,1,3,2.2577508191042845,9.571000000000002,0.5,English,FALSE
lancslab,Eyetracking,P13,lancslab:P13,English,ADS,230,1,14,1.2857262532404492,4.116428571428571,-0.5,English,FALSE
lancslab,Eyetracking,P13,lancslab:P13,English,ADS,237,2,16,1.8244193542085516,6.551375,-0.5,English,FALSE
lancslab,Eyetracking,P13,lancslab:P13,English,IDS,230,1,14,1.5768918769384335,5.427857142857143,0.5,English,FALSE
lancslab,Eyetracking,P13,lancslab:P13,English,IDS,237,2,16,1.5391024976135141,5.1425,0.5,English,FALSE
lancslab,Eyetracking,P14,lancslab:P14,English,ADS,261,1,15,2.273551746575772,9.998125,-0.5,English,FALSE
lancslab,Eyetracking,P14,lancslab:P14,English,ADS,271,2,12,1.693109898065506,6.511,-0.5,English,FALSE
lancslab,Eyetracking,P14,lancslab:P14,English,IDS,261,1,15,2.4037702891634742,11.295285714285715,0.5,English,FALSE
lancslab,Eyetracking,P14,lancslab:P14,English,IDS,271,2,12,2.177585467799546,9.576666666666666,0.5,English,FALSE
lancslab,Eyetracking,P15,lancslab:P15,English,ADS,209,1,14,2.0704487922326975,8.504857142857142,-0.5,English,FALSE
lancslab,Eyetracking,P15,lancslab:P15,English,ADS,216,2,8,2.3283110349401515,10.54425,-0.5,English,FALSE
lancslab,Eyetracking,P15,lancslab:P15,English,IDS,209,1,14,1.9748933432623965,7.438714285714286,0.5,English,FALSE
lancslab,Eyetracking,P15,lancslab:P15,English,IDS,216,2,8,2.4879233628387025,12.67775,0.5,English,FALSE
lancslab,Eyetracking,P16,lancslab:P16,English,ADS,272,1,10,2.460977456519222,11.815000000000001,-0.5,English,FALSE
lancslab,Eyetracking,P16,lancslab:P16,English,ADS,279,2,10,1.8574622792370643,7.9594,-0.5,English,FALSE
lancslab,Eyetracking,P16,lancslab:P16,English,IDS,272,1,10,2.0258091697960117,8.774333333333333,0.5,English,FALSE
lancslab,Eyetracking,P16,lancslab:P16,English,IDS,279,2,10,2.2598442783156973,10.1626,0.5,English,FALSE
lancslab,Eyetracking,P17,lancslab:P17,English,ADS,220,1,15,2.1587834017287477,10.017857142857144,-0.5,English,FALSE
lancslab,Eyetracking,P17,lancslab:P17,English,ADS,227,2,9,1.6020563196690858,6.409,-0.5,English,FALSE
lancslab,Eyetracking,P17,lancslab:P17,English,IDS,220,1,15,2.238080201524414,10.01725,0.5,English,FALSE
lancslab,Eyetracking,P17,lancslab:P17,English,IDS,227,2,9,1.678693736440795,6.59175,0.5,English,FALSE
wsi-goettingen,central fixation,M213,wsi-goettingen:M213,German,ADS,229,1,16,2.419298455579494,12.25,-0.5,German,FALSE
wsi-goettingen,central fixation,M213,wsi-goettingen:M213,German,ADS,236,2,11,1.6536219904082292,7.171428571428572,-0.5,German,FALSE
wsi-goettingen,central fixation,M213,wsi-goettingen:M213,German,IDS,229,1,16,2.6717163715310055,15.0325,0.5,German,FALSE
wsi-goettingen,central fixation,M213,wsi-goettingen:M213,German,IDS,236,2,11,1.5837823927504748,5.922499999999999,0.5,German,FALSE
wsi-goettingen,central fixation,M214,wsi-goettingen:M214,German,ADS,223,1,16,1.6278564371660431,5.805,-0.5,German,FALSE
wsi-goettingen,central fixation,M214,wsi-goettingen:M214,German,ADS,231,2,11,2.528654379941121,13.504,-0.5,German,FALSE
wsi-goettingen,central fixation,M214,wsi-goettingen:M214,German,IDS,223,1,16,1.5452433580157174,6.0425,0.5,German,FALSE
wsi-goettingen,central fixation,M214,wsi-goettingen:M214,German,IDS,231,2,11,2.341316739776333,11.185,0.5,German,FALSE
wsi-goettingen,central fixation,M215,wsi-goettingen:M215,German,ADS,249,1,14,1.4008565117827578,4.532857142857143,-0.5,German,FALSE
wsi-goettingen,central fixation,M215,wsi-goettingen:M215,German,ADS,256,2,15,1.652817286122208,6.185714285714286,-0.5,German,FALSE
wsi-goettingen,central fixation,M215,wsi-goettingen:M215,German,IDS,249,1,14,1.670408345402947,5.84,0.5,German,FALSE
wsi-goettingen,central fixation,M215,wsi-goettingen:M215,German,IDS,256,2,15,1.2994734846505045,4.82875,0.5,German,FALSE
wsi-goettingen,central fixation,M217,wsi-goettingen:M217,German,ADS,256,1,14,1.7903634597898714,6.771428571428571,-0.5,German,FALSE
wsi-goettingen,central fixation,M217,wsi-goettingen:M217,German,ADS,263,2,13,2.0627723294076916,8.55875,-0.5,German,FALSE
wsi-goettingen,central fixation,M217,wsi-goettingen:M217,German,IDS,256,1,14,1.992378263577331,8.778571428571428,0.5,German,FALSE
wsi-goettingen,central fixation,M217,wsi-goettingen:M217,German,IDS,263,2,13,2.264251894843879,10.324,0.5,German,FALSE
wsi-goettingen,central fixation,M218,wsi-goettingen:M218,German,ADS,262,1,16,2.0589829866033043,8.81375,-0.5,German,FALSE
wsi-goettingen,central fixation,M218,wsi-goettingen:M218,German,ADS,269,2,11,1.7498926838606734,6.953333333333333,-0.5,German,FALSE
wsi-goettingen,central fixation,M218,wsi-goettingen:M218,German,IDS,262,1,16,2.085544963197627,9.780000000000001,0.5,German,FALSE
wsi-goettingen,central fixation,M218,wsi-goettingen:M218,German,IDS,269,2,11,1.821824313631322,8.296,0.5,German,FALSE
wsi-goettingen,central fixation,M219,wsi-goettingen:M219,German,ADS,222,1,16,2.111792347926101,9.6,-0.5,German,FALSE
wsi-goettingen,central fixation,M219,wsi-goettingen:M219,German,ADS,229,2,15,1.7470710361031703,6.30375,-0.5,German,FALSE
wsi-goettingen,central fixation,M219,wsi-goettingen:M219,German,IDS,222,1,16,2.1208859111919467,9.455,0.5,German,FALSE
wsi-goettingen,central fixation,M219,wsi-goettingen:M219,German,IDS,229,2,15,1.718216600714322,5.948571428571428,0.5,German,FALSE
wsi-goettingen,central fixation,M220,wsi-goettingen:M220,German,ADS,205,1,16,1.54637841732066,5.40375,-0.5,German,FALSE
wsi-goettingen,central fixation,M220,wsi-goettingen:M220,German,ADS,221,2,16,2.2854653905633446,11.46125,-0.5,German,FALSE
wsi-goettingen,central fixation,M220,wsi-goettingen:M220,German,IDS,205,1,16,1.6670288004382032,5.9725,0.5,German,FALSE
wsi-goettingen,central fixation,M220,wsi-goettingen:M220,German,IDS,221,2,16,2.309241346688557,11.9225,0.5,German,FALSE
wsi-goettingen,central fixation,M221,wsi-goettingen:M221,German,ADS,259,1,16,2.321750444452251,11.07375,-0.5,German,FALSE
wsi-goettingen,central fixation,M221,wsi-goettingen:M221,German,ADS,260,2,16,2.1784400316914274,9.905,-0.5,German,FALSE
wsi-goettingen,central fixation,M221,wsi-goettingen:M221,German,IDS,259,1,16,2.3081235342617714,11.42125,0.5,German,FALSE
wsi-goettingen,central fixation,M221,wsi-goettingen:M221,German,IDS,260,2,16,2.2428515682770604,11.73625,0.5,German,FALSE
wsi-goettingen,central fixation,M223,wsi-goettingen:M223,German,ADS,195,1,16,1.9847757472364667,8.9925,-0.5,German,FALSE
wsi-goettingen,central fixation,M223,wsi-goettingen:M223,German,ADS,202,2,10,0.8781892439644932,2.485,-0.5,German,FALSE
wsi-goettingen,central fixation,M223,wsi-goettingen:M223,German,IDS,195,1,16,1.7899846556631864,7.75875,0.5,German,FALSE
wsi-goettingen,central fixation,M223,wsi-goettingen:M223,German,IDS,202,2,10,1.2125940789127359,4.665,0.5,German,FALSE
wsi-goettingen,central fixation,M224,wsi-goettingen:M224,German,ADS,204,1,8,2.2750362558428594,10.2975,-0.5,German,FALSE
wsi-goettingen,central fixation,M224,wsi-goettingen:M224,German,IDS,204,1,8,2.100839553557282,8.834999999999999,0.5,German,FALSE
wsi-goettingen,central fixation,M226,wsi-goettingen:M226,German,ADS,211,1,16,2.1632279419078153,10.3575,-0.5,German,FALSE
wsi-goettingen,central fixation,M226,wsi-goettingen:M226,German,ADS,230,2,15,1.7811094639791833,6.962857142857143,-0.5,German,FALSE
wsi-goettingen,central fixation,M226,wsi-goettingen:M226,German,IDS,211,1,16,2.3041008916460015,11.405,0.5,German,FALSE
wsi-goettingen,central fixation,M226,wsi-goettingen:M226,German,IDS,230,2,15,1.603753800408342,5.4575000000000005,0.5,German,FALSE
wsi-goettingen,central fixation,M227,wsi-goettingen:M227,German,ADS,236,1,16,1.954032164027218,8.7225,-0.5,German,FALSE
wsi-goettingen,central fixation,M227,wsi-goettingen:M227,German,ADS,244,2,16,2.069306583997347,9.71625,-0.5,German,FALSE
wsi-goettingen,central fixation,M227,wsi-goettingen:M227,German,IDS,236,1,16,2.1152928110168743,10.38,0.5,German,FALSE
wsi-goettingen,central fixation,M227,wsi-goettingen:M227,German,IDS,244,2,16,2.177552700071773,10.04875,0.5,German,FALSE
wsi-goettingen,central fixation,M228,wsi-goettingen:M228,German,ADS,197,1,14,1.6117686478843427,5.502857142857143,-0.5,German,FALSE
wsi-goettingen,central fixation,M228,wsi-goettingen:M228,German,ADS,204,2,15,1.1639771176101603,3.5700000000000003,-0.5,German,FALSE
wsi-goettingen,central fixation,M228,wsi-goettingen:M228,German,IDS,197,1,14,1.782698587658741,6.228571428571429,0.5,German,FALSE
wsi-goettingen,central fixation,M228,wsi-goettingen:M228,German,IDS,204,2,15,1.5653453584778974,5.005,0.5,German,FALSE
wsi-goettingen,central fixation,M229,wsi-goettingen:M229,German,ADS,197,1,16,2.742029466673072,15.68625,-0.5,German,FALSE
wsi-goettingen,central fixation,M229,wsi-goettingen:M229,German,ADS,204,2,15,1.9862600696552646,8.801428571428572,-0.5,German,FALSE
wsi-goettingen,central fixation,M229,wsi-goettingen:M229,German,IDS,197,1,16,2.7096714453423947,15.56,0.5,German,FALSE
wsi-goettingen,central fixation,M229,wsi-goettingen:M229,German,IDS,204,2,15,1.8267923844536555,7.46625,0.5,German,FALSE
wsi-goettingen,central fixation,M230,wsi-goettingen:M230,German,ADS,200,1,16,2.595741529000527,13.60375,-0.5,German,FALSE
wsi-goettingen,central fixation,M230,wsi-goettingen:M230,German,ADS,207,2,16,2.205838337832158,9.67625,-0.5,German,FALSE
wsi-goettingen,central fixation,M230,wsi-goettingen:M230,German,IDS,200,1,16,2.1666305819091445,10.00625,0.5,German,FALSE
wsi-goettingen,central fixation,M230,wsi-goettingen:M230,German,IDS,207,2,16,2.2066567082526416,10.3775,0.5,German,FALSE
wsi-goettingen,central fixation,M231,wsi-goettingen:M231,German,ADS,235,1,16,2.3268128380539563,11.28,-0.5,German,FALSE
wsi-goettingen,central fixation,M231,wsi-goettingen:M231,German,ADS,240,2,15,2.233905437526824,11.793750000000001,-0.5,German,FALSE
wsi-goettingen,central fixation,M231,wsi-goettingen:M231,German,IDS,235,1,16,2.1405678647337205,10.133750000000001,0.5,German,FALSE
wsi-goettingen,central fixation,M231,wsi-goettingen:M231,German,IDS,240,2,15,2.351759242340038,13.031428571428572,0.5,German,FALSE
wsi-goettingen,central fixation,M312,wsi-goettingen:M312,German,ADS,303,1,16,2.086045551926844,9.42,-0.5,German,FALSE
wsi-goettingen,central fixation,M312,wsi-goettingen:M312,German,ADS,311,2,14,1.6239460841813567,5.8175,-0.5,German,FALSE
wsi-goettingen,central fixation,M312,wsi-goettingen:M312,German,IDS,303,1,16,2.0002339930879978,8.31375,0.5,German,FALSE
wsi-goettingen,central fixation,M312,wsi-goettingen:M312,German,IDS,311,2,14,1.9957124456126913,7.948333333333333,0.5,German,FALSE
wsi-goettingen,central fixation,M313,wsi-goettingen:M313,German,ADS,278,1,15,1.9770680518210662,8.42142857142857,-0.5,German,FALSE
wsi-goettingen,central fixation,M313,wsi-goettingen:M313,German,ADS,302,2,13,2.029880548041722,9.175714285714285,-0.5,German,FALSE
wsi-goettingen,central fixation,M313,wsi-goettingen:M313,German,IDS,278,1,15,1.8193768729114512,6.71625,0.5,German,FALSE
wsi-goettingen,central fixation,M313,wsi-goettingen:M313,German,IDS,302,2,13,1.7484535877564742,7.086666666666666,0.5,German,FALSE
wsi-goettingen,central fixation,M314,wsi-goettingen:M314,German,ADS,352,1,15,2.158385224719177,9.3425,-0.5,German,FALSE
wsi-goettingen,central fixation,M314,wsi-goettingen:M314,German,ADS,359,2,15,2.0325894405811358,9,-0.5,German,FALSE
wsi-goettingen,central fixation,M314,wsi-goettingen:M314,German,IDS,352,1,15,2.2313256966976542,10.705714285714286,0.5,German,FALSE
wsi-goettingen,central fixation,M314,wsi-goettingen:M314,German,IDS,359,2,15,2.103875118629838,10.03125,0.5,German,FALSE
wsi-goettingen,central fixation,M315,wsi-goettingen:M315,German,ADS,326,1,13,2.2949397464641232,11.547142857142857,-0.5,German,FALSE
wsi-goettingen,central fixation,M315,wsi-goettingen:M315,German,ADS,333,2,14,2.139017634805645,9.952857142857143,-0.5,German,FALSE
wsi-goettingen,central fixation,M315,wsi-goettingen:M315,German,IDS,326,1,13,2.475858157253137,13.333333333333334,0.5,German,FALSE
wsi-goettingen,central fixation,M315,wsi-goettingen:M315,German,IDS,333,2,14,1.644127300721532,5.771428571428571,0.5,German,FALSE
wsi-goettingen,central fixation,M316,wsi-goettingen:M316,German,ADS,282,1,13,1.8824367526546752,9.331428571428571,-0.5,German,FALSE
wsi-goettingen,central fixation,M316,wsi-goettingen:M316,German,ADS,289,2,16,2.147034377207347,9.67,-0.5,German,FALSE
wsi-goettingen,central fixation,M316,wsi-goettingen:M316,German,IDS,282,1,13,2.464909647506731,12.301666666666668,0.5,German,FALSE
wsi-goettingen,central fixation,M316,wsi-goettingen:M316,German,IDS,289,2,16,1.9178051806726522,9.00375,0.5,German,FALSE
wsi-goettingen,central fixation,M317,wsi-goettingen:M317,German,ADS,353,1,15,1.808476988653407,6.8525,-0.5,German,FALSE
wsi-goettingen,central fixation,M317,wsi-goettingen:M317,German,ADS,360,2,16,2.0231299268295118,8.602500000000001,-0.5,German,FALSE
wsi-goettingen,central fixation,M317,wsi-goettingen:M317,German,IDS,353,1,15,1.8803228068873796,8.121428571428572,0.5,German,FALSE
wsi-goettingen,central fixation,M317,wsi-goettingen:M317,German,IDS,360,2,16,2.183926941454209,10.13,0.5,German,FALSE
wsi-goettingen,central fixation,M319,wsi-goettingen:M319,German,ADS,363,1,15,1.6108544883000782,5.351428571428571,-0.5,German,FALSE
wsi-goettingen,central fixation,M319,wsi-goettingen:M319,German,ADS,383,2,14,1.838133780836239,7.26,-0.5,German,FALSE
wsi-goettingen,central fixation,M319,wsi-goettingen:M319,German,IDS,363,1,15,2.0036483563303173,8.745000000000001,0.5,German,FALSE
wsi-goettingen,central fixation,M319,wsi-goettingen:M319,German,IDS,383,2,14,1.4546690693231559,4.791428571428572,0.5,German,FALSE
wsi-goettingen,central fixation,M320,wsi-goettingen:M320,German,ADS,276,1,13,1.9021856937765156,8.115714285714287,-0.5,German,FALSE
wsi-goettingen,central fixation,M320,wsi-goettingen:M320,German,ADS,289,2,13,1.5373095105515044,6.21,-0.5,German,FALSE
wsi-goettingen,central fixation,M320,wsi-goettingen:M320,German,IDS,276,1,13,2.367985722159325,12.728333333333333,0.5,German,FALSE
wsi-goettingen,central fixation,M320,wsi-goettingen:M320,German,IDS,289,2,13,1.559578822685339,5.6375,0.5,German,FALSE
wsi-goettingen,central fixation,M321,wsi-goettingen:M321,German,ADS,333,1,16,1.7267377419904277,6.62875,-0.5,German,FALSE
wsi-goettingen,central fixation,M321,wsi-goettingen:M321,German,ADS,341,2,15,1.4923158645101176,5.951428571428571,-0.5,German,FALSE
wsi-goettingen,central fixation,M321,wsi-goettingen:M321,German,IDS,333,1,16,2.1573631698822506,10.1275,0.5,German,FALSE
wsi-goettingen,central fixation,M321,wsi-goettingen:M321,German,IDS,341,2,15,1.8764359165587408,7.185,0.5,German,FALSE
wsi-goettingen,central fixation,M322,wsi-goettingen:M322,German,ADS,305,1,16,2.08983867166242,9.8375,-0.5,German,FALSE
wsi-goettingen,central fixation,M322,wsi-goettingen:M322,German,ADS,325,2,13,1.3103710479474961,4.42,-0.5,German,FALSE
wsi-goettingen,central fixation,M322,wsi-goettingen:M322,German,IDS,305,1,16,1.988572492784233,9.4375,0.5,German,FALSE
wsi-goettingen,central fixation,M322,wsi-goettingen:M322,German,IDS,325,2,13,1.2980017724438044,4.54,0.5,German,FALSE
wsi-goettingen,central fixation,M324,wsi-goettingen:M324,German,ADS,298,1,13,1.6809406000590243,5.84,-0.5,German,FALSE
wsi-goettingen,central fixation,M324,wsi-goettingen:M324,German,ADS,324,2,11,1.2068209008358783,3.6216666666666666,-0.5,German,FALSE
wsi-goettingen,central fixation,M324,wsi-goettingen:M324,German,IDS,298,1,13,1.4593130331233344,4.61,0.5,German,FALSE
wsi-goettingen,central fixation,M324,wsi-goettingen:M324,German,IDS,324,2,11,1.9278240270965106,7.87,0.5,German,FALSE
wsi-goettingen,central fixation,M325,wsi-goettingen:M325,German,ADS,315,1,5,1.5914630592851144,5.326666666666666,-0.5,German,FALSE
wsi-goettingen,central fixation,M325,wsi-goettingen:M325,German,ADS,320,2,6,2.057795730337812,8.49,-0.5,German,FALSE
wsi-goettingen,central fixation,M325,wsi-goettingen:M325,German,IDS,315,1,5,2.2430007203397024,9.445,0.5,German,FALSE
wsi-goettingen,central fixation,M325,wsi-goettingen:M325,German,IDS,320,2,6,1.82584251823913,6.316666666666666,0.5,German,FALSE
wsi-goettingen,central fixation,M326,wsi-goettingen:M326,German,ADS,282,1,16,1.4941478890998636,4.54875,-0.5,German,FALSE
wsi-goettingen,central fixation,M326,wsi-goettingen:M326,German,ADS,289,2,15,1.1467817743016986,3.2685714285714287,-0.5,German,FALSE
wsi-goettingen,central fixation,M326,wsi-goettingen:M326,German,IDS,282,1,16,1.457684874713517,4.465,0.5,German,FALSE
wsi-goettingen,central fixation,M326,wsi-goettingen:M326,German,IDS,289,2,15,1.5431281900690743,4.75125,0.5,German,FALSE
wsi-goettingen,central fixation,M327,wsi-goettingen:M327,German,ADS,283,1,9,1.7007025487027412,6.196000000000001,-0.5,German,FALSE
wsi-goettingen,central fixation,M327,wsi-goettingen:M327,German,ADS,290,2,16,2.6139723931900916,14.2225,-0.5,German,FALSE
wsi-goettingen,central fixation,M327,wsi-goettingen:M327,German,IDS,283,1,9,1.3780269134766896,4.8675,0.5,German,FALSE
wsi-goettingen,central fixation,M327,wsi-goettingen:M327,German,IDS,290,2,16,2.4006967283177287,12.6325,0.5,German,FALSE
wsi-goettingen,central fixation,M328,wsi-goettingen:M328,German,ADS,275,1,16,1.8782085160794089,8.3375,-0.5,German,FALSE
wsi-goettingen,central fixation,M328,wsi-goettingen:M328,German,ADS,282,2,14,1.6136627042382823,6.067142857142857,-0.5,German,FALSE
wsi-goettingen,central fixation,M328,wsi-goettingen:M328,German,IDS,275,1,16,2.1315247520847627,10.305,0.5,German,FALSE
wsi-goettingen,central fixation,M328,wsi-goettingen:M328,German,IDS,282,2,14,1.3665132084876728,4.957142857142857,0.5,German,FALSE
wsi-goettingen,central fixation,M329,wsi-goettingen:M329,German,ADS,339,1,16,1.940749997594496,7.875,-0.5,German,FALSE
wsi-goettingen,central fixation,M329,wsi-goettingen:M329,German,ADS,345,2,16,1.3170032812127945,3.93625,-0.5,German,FALSE
wsi-goettingen,central fixation,M329,wsi-goettingen:M329,German,IDS,339,1,16,2.3811952371838307,11.855,0.5,German,FALSE
wsi-goettingen,central fixation,M329,wsi-goettingen:M329,German,IDS,345,2,16,1.4696091533144031,5.28375,0.5,German,FALSE
wsi-goettingen,central fixation,M330,wsi-goettingen:M330,German,ADS,316,1,13,1.827867596215052,7.05,-0.5,German,FALSE
wsi-goettingen,central fixation,M330,wsi-goettingen:M330,German,ADS,324,2,11,1.4737358380544758,4.688,-0.5,German,FALSE
wsi-goettingen,central fixation,M330,wsi-goettingen:M330,German,IDS,316,1,13,1.7074055070386356,5.861666666666666,0.5,German,FALSE
wsi-goettingen,central fixation,M330,wsi-goettingen:M330,German,IDS,324,2,11,1.463100308785527,5.281666666666667,0.5,German,FALSE
wsi-goettingen,central fixation,M331,wsi-goettingen:M331,German,ADS,283,1,16,1.9851308436758253,7.81875,-0.5,German,FALSE
wsi-goettingen,central fixation,M331,wsi-goettingen:M331,German,ADS,289,2,16,1.8075050268467694,6.8862499999999995,-0.5,German,FALSE
wsi-goettingen,central fixation,M331,wsi-goettingen:M331,German,IDS,283,1,16,2.108151491555613,9.62,0.5,German,FALSE
wsi-goettingen,central fixation,M331,wsi-goettingen:M331,German,IDS,289,2,16,1.3825895527241467,4.45375,0.5,German,FALSE
wsi-goettingen,central fixation,M332,wsi-goettingen:M332,German,ADS,319,1,12,2.0804369255596136,8.766,-0.5,German,FALSE
wsi-goettingen,central fixation,M332,wsi-goettingen:M332,German,ADS,331,2,11,1.382939165263426,4.0575,-0.5,German,FALSE
wsi-goettingen,central fixation,M332,wsi-goettingen:M332,German,IDS,319,1,12,2.0648342672589823,9.132857142857143,0.5,German,FALSE
wsi-goettingen,central fixation,M332,wsi-goettingen:M332,German,IDS,331,2,11,1.5861316892640174,5.16,0.5,German,FALSE
wsi-goettingen,central fixation,M333,wsi-goettingen:M333,German,ADS,291,1,15,2.561464122121537,13.99,-0.5,German,FALSE
wsi-goettingen,central fixation,M333,wsi-goettingen:M333,German,ADS,299,2,15,1.6957214996552006,6.861428571428571,-0.5,German,FALSE
wsi-goettingen,central fixation,M333,wsi-goettingen:M333,German,IDS,291,1,15,2.585018134498395,14.29,0.5,German,FALSE
wsi-goettingen,central fixation,M333,wsi-goettingen:M333,German,IDS,299,2,15,1.7932989520363847,6.8475,0.5,German,FALSE
wsi-goettingen,central fixation,M334,wsi-goettingen:M334,German,ADS,321,1,15,1.48264254813142,4.8325,-0.5,German,FALSE
wsi-goettingen,central fixation,M334,wsi-goettingen:M334,German,ADS,329,2,13,1.7833751440946746,6.691428571428571,-0.5,German,FALSE
wsi-goettingen,central fixation,M334,wsi-goettingen:M334,German,IDS,321,1,15,2.103565227441727,9.604285714285714,0.5,German,FALSE
wsi-goettingen,central fixation,M334,wsi-goettingen:M334,German,IDS,329,2,13,1.727613021042544,6.67,0.5,German,FALSE
wsi-goettingen,central fixation,M336,wsi-goettingen:M336,German,ADS,285,1,16,2.173160443041468,9.3275,-0.5,German,FALSE
wsi-goettingen,central fixation,M336,wsi-goettingen:M336,German,ADS,295,2,13,2.2978000165272316,11.862,-0.5,German,FALSE
wsi-goettingen,central fixation,M336,wsi-goettingen:M336,German,IDS,285,1,16,2.1947328436934175,10.13125,0.5,German,FALSE
wsi-goettingen,central fixation,M336,wsi-goettingen:M336,German,IDS,295,2,13,1.907520953625241,8.901250000000001,0.5,German,FALSE
wsi-goettingen,central fixation,M337,wsi-goettingen:M337,German,ADS,274,1,16,2.0589087531870005,8.9575,-0.5,German,FALSE
wsi-goettingen,central fixation,M337,wsi-goettingen:M337,German,ADS,281,2,15,1.5768440542652962,5.185714285714286,-0.5,German,FALSE
wsi-goettingen,central fixation,M337,wsi-goettingen:M337,German,IDS,274,1,16,2.0514538338230768,9.411249999999999,0.5,German,FALSE
wsi-goettingen,central fixation,M337,wsi-goettingen:M337,German,IDS,281,2,15,1.9260653448925589,7.9675,0.5,German,FALSE
wsi-goettingen,central fixation,M338,wsi-goettingen:M338,German,ADS,325,1,15,1.8898587654872634,8.541428571428572,-0.5,German,FALSE
wsi-goettingen,central fixation,M338,wsi-goettingen:M338,German,ADS,328,2,16,1.9270723645622057,9.29875,-0.5,German,FALSE
wsi-goettingen,central fixation,M338,wsi-goettingen:M338,German,IDS,325,1,15,1.7581318710377052,7.1425,0.5,German,FALSE
wsi-goettingen,central fixation,M338,wsi-goettingen:M338,German,IDS,328,2,16,1.992009537893851,9.10625,0.5,German,FALSE
wsi-goettingen,HPP,M501,wsi-goettingen:M501,German,ADS,271,2,12,1.5822020764976419,6.026166666666667,-0.5,German,FALSE
wsi-goettingen,HPP,M501,wsi-goettingen:M501,German,IDS,271,2,12,1.8277302914305014,8.186833333333333,0.5,German,FALSE
wsi-goettingen,HPP,M502,wsi-goettingen:M502,German,ADS,260,1,15,1.7599646908235722,7.630875,-0.5,German,FALSE
wsi-goettingen,HPP,M502,wsi-goettingen:M502,German,ADS,267,2,16,1.5107693142638394,5.2385,-0.5,German,FALSE
wsi-goettingen,HPP,M502,wsi-goettingen:M502,German,IDS,260,1,15,2.1751258586597553,9.641428571428571,0.5,German,FALSE
wsi-goettingen,HPP,M502,wsi-goettingen:M502,German,IDS,267,2,16,1.5088670574804122,5.39675,0.5,German,FALSE
wsi-goettingen,HPP,M503,wsi-goettingen:M503,German,ADS,223,1,14,1.9340621253249661,7.074166666666667,-0.5,German,FALSE
wsi-goettingen,HPP,M503,wsi-goettingen:M503,German,ADS,248,2,15,1.8819026793579736,7.369142857142857,-0.5,German,FALSE
wsi-goettingen,HPP,M503,wsi-goettingen:M503,German,IDS,223,1,14,1.8265930025616572,7.7044999999999995,0.5,German,FALSE
wsi-goettingen,HPP,M503,wsi-goettingen:M503,German,IDS,248,2,15,1.4988236416641347,5.019625,0.5,German,FALSE
wsi-goettingen,HPP,M504,wsi-goettingen:M504,German,ADS,228,1,16,2.4523808965874485,12.77725,-0.5,German,FALSE
wsi-goettingen,HPP,M504,wsi-goettingen:M504,German,ADS,235,2,16,2.007279540387162,9.40775,-0.5,German,FALSE
wsi-goettingen,HPP,M504,wsi-goettingen:M504,German,IDS,228,1,16,2.5284017410196444,13.215499999999999,0.5,German,FALSE
wsi-goettingen,HPP,M504,wsi-goettingen:M504,German,IDS,235,2,16,2.1086736065758425,9.79475,0.5,German,FALSE
wsi-goettingen,HPP,M505,wsi-goettingen:M505,German,ADS,266,1,16,2.3164319576293906,10.603,-0.5,German,FALSE
wsi-goettingen,HPP,M505,wsi-goettingen:M505,German,ADS,286,2,10,1.077893451637011,2.987,-0.5,German,FALSE
wsi-goettingen,HPP,M505,wsi-goettingen:M505,German,IDS,266,1,16,2.543495695379745,13.856,0.5,German,FALSE
wsi-goettingen,HPP,M505,wsi-goettingen:M505,German,IDS,286,2,10,1.7647691754493342,7.036,0.5,German,FALSE
wsi-goettingen,HPP,M506,wsi-goettingen:M506,German,ADS,252,1,16,1.7197078162781305,7.01725,-0.5,German,FALSE
wsi-goettingen,HPP,M506,wsi-goettingen:M506,German,ADS,259,2,16,1.8795221474140358,7.594125,-0.5,German,FALSE
wsi-goettingen,HPP,M506,wsi-goettingen:M506,German,IDS,252,1,16,2.5511162852741314,13.436625000000001,0.5,German,FALSE
wsi-goettingen,HPP,M506,wsi-goettingen:M506,German,IDS,259,2,16,2.2205907992879292,10.041125,0.5,German,FALSE
wsi-goettingen,HPP,M507,wsi-goettingen:M507,German,ADS,222,1,14,1.5930933830899974,5.664142857142857,-0.5,German,FALSE
wsi-goettingen,HPP,M507,wsi-goettingen:M507,German,ADS,228,2,12,1.945495517635314,7.2196,-0.5,German,FALSE
wsi-goettingen,HPP,M507,wsi-goettingen:M507,German,IDS,222,1,14,2.1095474611013416,8.930428571428571,0.5,German,FALSE
wsi-goettingen,HPP,M507,wsi-goettingen:M507,German,IDS,228,2,12,1.4960901921836818,4.807428571428571,0.5,German,FALSE
wsi-goettingen,HPP,M508,wsi-goettingen:M508,German,ADS,232,1,15,2.327035066316267,11.25275,-0.5,German,FALSE
wsi-goettingen,HPP,M508,wsi-goettingen:M508,German,ADS,237,2,13,1.841338151813966,7.753428571428572,-0.5,German,FALSE
wsi-goettingen,HPP,M508,wsi-goettingen:M508,German,IDS,232,1,15,2.377332688133753,11.943571428571428,0.5,German,FALSE
wsi-goettingen,HPP,M508,wsi-goettingen:M508,German,IDS,237,2,13,2.4740275658678805,12.974166666666667,0.5,German,FALSE
wsi-goettingen,HPP,M509,wsi-goettingen:M509,German,ADS,244,1,15,1.6843077532646382,6.41375,-0.5,German,FALSE
wsi-goettingen,HPP,M509,wsi-goettingen:M509,German,ADS,249,2,10,1.7971808646266905,7.157166666666667,-0.5,German,FALSE
wsi-goettingen,HPP,M509,wsi-goettingen:M509,German,IDS,244,1,15,1.9272495415938087,7.4275714285714285,0.5,German,FALSE
wsi-goettingen,HPP,M509,wsi-goettingen:M509,German,IDS,249,2,10,1.7791539475453912,6.54925,0.5,German,FALSE
wsi-goettingen,HPP,M510,wsi-goettingen:M510,German,ADS,249,1,16,1.9425558373920355,7.985875,-0.5,German,FALSE
wsi-goettingen,HPP,M510,wsi-goettingen:M510,German,ADS,258,2,15,2.100276253588174,10.09875,-0.5,German,FALSE
wsi-goettingen,HPP,M510,wsi-goettingen:M510,German,IDS,249,1,16,1.7604085446803475,6.698,0.5,German,FALSE
wsi-goettingen,HPP,M510,wsi-goettingen:M510,German,IDS,258,2,15,2.159088619978742,9.806857142857144,0.5,German,FALSE
wsi-goettingen,HPP,M511,wsi-goettingen:M511,German,ADS,204,1,16,2.079480640994761,9.069749999999999,-0.5,German,FALSE
wsi-goettingen,HPP,M511,wsi-goettingen:M511,German,ADS,212,2,16,1.3020840824694018,3.9285,-0.5,German,FALSE
wsi-goettingen,HPP,M511,wsi-goettingen:M511,German,IDS,204,1,16,2.3850936704679198,12.7905,0.5,German,FALSE
wsi-goettingen,HPP,M511,wsi-goettingen:M511,German,IDS,212,2,16,2.0323108681789424,9.67775,0.5,German,FALSE
wsi-goettingen,HPP,M513,wsi-goettingen:M513,German,ADS,243,1,15,2.5490577346840886,13.671375,-0.5,German,FALSE
wsi-goettingen,HPP,M513,wsi-goettingen:M513,German,IDS,243,1,15,2.5168224459591944,12.753428571428572,0.5,German,FALSE
wsi-goettingen,HPP,M514,wsi-goettingen:M514,German,ADS,236,1,16,1.8364037478440913,7.413125,-0.5,German,FALSE
wsi-goettingen,HPP,M514,wsi-goettingen:M514,German,ADS,255,2,16,1.7477621486375137,6.4796249999999995,-0.5,German,FALSE
wsi-goettingen,HPP,M514,wsi-goettingen:M514,German,IDS,236,1,16,2.16468473764063,9.761625,0.5,German,FALSE
wsi-goettingen,HPP,M514,wsi-goettingen:M514,German,IDS,255,2,16,1.9272001011147608,7.702875000000001,0.5,German,FALSE
wsi-goettingen,HPP,M515,wsi-goettingen:M515,German,ADS,204,1,16,2.612384432945267,13.943375,-0.5,German,FALSE
wsi-goettingen,HPP,M515,wsi-goettingen:M515,German,ADS,219,2,16,2.3718009064836068,11.49875,-0.5,German,FALSE
wsi-goettingen,HPP,M515,wsi-goettingen:M515,German,IDS,204,1,16,2.4904406501411143,12.924125,0.5,German,FALSE
wsi-goettingen,HPP,M515,wsi-goettingen:M515,German,IDS,219,2,16,2.553814441420224,13.651875,0.5,German,FALSE
wsi-goettingen,HPP,M516,wsi-goettingen:M516,German,ADS,228,1,16,2.3756909361714227,12.0435,-0.5,German,FALSE
wsi-goettingen,HPP,M516,wsi-goettingen:M516,German,ADS,235,2,16,2.4731637233200567,13.181125,-0.5,German,FALSE
wsi-goettingen,HPP,M516,wsi-goettingen:M516,German,IDS,228,1,16,2.4171573793911962,12.171375,0.5,German,FALSE
wsi-goettingen,HPP,M516,wsi-goettingen:M516,German,IDS,235,2,16,2.227485799184452,10.534,0.5,German,FALSE
wsi-goettingen,HPP,M517,wsi-goettingen:M517,German,ADS,207,1,15,2.5066520376163832,13.24,-0.5,German,FALSE
wsi-goettingen,HPP,M517,wsi-goettingen:M517,German,ADS,216,2,16,2.2979270748680998,11.87025,-0.5,German,FALSE
wsi-goettingen,HPP,M517,wsi-goettingen:M517,German,IDS,207,1,15,2.4100217073732284,12.796,0.5,German,FALSE
wsi-goettingen,HPP,M517,wsi-goettingen:M517,German,IDS,216,2,16,2.060391556913169,9.65725,0.5,German,FALSE
wsi-goettingen,HPP,M518,wsi-goettingen:M518,German,ADS,266,1,16,2.0391807718213104,8.650625,-0.5,German,FALSE
wsi-goettingen,HPP,M518,wsi-goettingen:M518,German,ADS,272,2,16,1.6129529139723182,5.588875,-0.5,German,FALSE
wsi-goettingen,HPP,M518,wsi-goettingen:M518,German,IDS,266,1,16,2.183599978989882,10.448,0.5,German,FALSE
wsi-goettingen,HPP,M518,wsi-goettingen:M518,German,IDS,272,2,16,1.6219887916996296,6.395125,0.5,German,FALSE
wsi-goettingen,HPP,M520,wsi-goettingen:M520,German,ADS,271,1,12,1.3616259559760517,4.883,-0.5,German,FALSE
wsi-goettingen,HPP,M520,wsi-goettingen:M520,German,ADS,276,2,13,1.1258019241137425,3.316,-0.5,German,FALSE
wsi-goettingen,HPP,M520,wsi-goettingen:M520,German,IDS,271,1,12,1.3148159781321458,3.87,0.5,German,FALSE
wsi-goettingen,HPP,M520,wsi-goettingen:M520,German,IDS,276,2,13,1.3582709498342083,4.69,0.5,German,FALSE
