lab,subid,test,trial_type,stimulus,trial_num,looking_time,total_trial_time,trial_error,trial_error_type,notes
babylab-potsdam,b7027,1,training,train2,-2,18,18,noerror,NA,NA
babylab-potsdam,b7027,1,training,train1,-1,2.649,2.649,noerror,NA,NA
babylab-potsdam,b7027,1,ADS,ADS1,1,16.125,17.812,noerror,NA,NA
babylab-potsdam,b7027,1,IDS,IDS1,2,14.582,17.159,noerror,NA,NA
babylab-potsdam,b7027,1,ADS,ADS2,3,9.155,12.295,noerror,NA,NA
babylab-potsdam,b7027,1,IDS,IDS2,4,2.595,2.595,noerror,NA,NA
babylab-potsdam,b7027,1,IDS,IDS3,5,8.259,9.628,noerror,NA,NA
babylab-potsdam,b7027,1,ADS,ADS3,6,1.908,1.908,noerror,NA,NA
babylab-potsdam,b7027,1,ADS,ADS4,7,8.164,9.494,noerror,NA,NA
babylab-potsdam,b7027,1,IDS,IDS4,8,2.156,2.156,noerror,NA,NA
babylab-potsdam,b7027,1,IDS,IDS5,9,4.394,6.149,noerror,NA,NA
babylab-potsdam,b7027,1,ADS,ADS5,10,13.032,18,noerror,NA,NA
babylab-potsdam,b7027,1,IDS,IDS6,11,1.513,1.513,noerror,NA,NA
babylab-potsdam,b7027,1,ADS,ADS6,12,2.524,2.524,noerror,NA,NA
babylab-potsdam,b7027,1,ADS,ADS7,13,9.032,10.468,noerror,NA,NA
babylab-potsdam,b7027,1,IDS,IDS7,14,17.334,17.731,noerror,NA,NA
babylab-potsdam,b7027,1,IDS,IDS8,15,4.666,4.666,noerror,NA,NA
babylab-potsdam,b7027,1,ADS,ADS8,16,4.147,5.948,noerror,NA,NA
babylab-potsdam,b7027,2,training,train2,-2,12.237,16.69,noerror,NA,NA
babylab-potsdam,b7027,2,training,train1,-1,5.262,5.766,noerror,NA,NA
babylab-potsdam,b7027,2,ADS,ADS1,1,12.843,18,noerror,NA,NA
babylab-potsdam,b7027,2,IDS,IDS1,2,13.602,18.001,noerror,NA,NA
babylab-potsdam,b7027,2,ADS,ADS2,3,11.345,13.86,noerror,NA,NA
babylab-potsdam,b7027,2,IDS,IDS2,4,11.774,18.001,noerror,NA,NA
babylab-potsdam,b7027,2,IDS,IDS3,5,14.193,18,noerror,NA,NA
babylab-potsdam,b7027,2,ADS,ADS3,6,1.381,1.381,noerror,NA,NA
babylab-potsdam,b7027,2,ADS,ADS4,7,2.967,2.967,noerror,NA,NA
babylab-potsdam,b7027,2,IDS,IDS4,8,4.574,4.574,noerror,NA,NA
babylab-potsdam,b7027,2,IDS,IDS5,9,5.417,7.664,noerror,NA,NA
babylab-potsdam,b7027,2,ADS,ADS5,10,1.398,1.398,noerror,NA,NA
babylab-potsdam,b7027,2,IDS,IDS6,11,1.263,1.263,noerror,NA,NA
babylab-potsdam,b7027,2,ADS,ADS6,12,2.44,2.44,noerror,NA,NA
babylab-potsdam,b7027,2,ADS,ADS7,13,2.312,2.312,noerror,NA,NA
babylab-potsdam,b7027,2,IDS,IDS7,14,10.759,18,noerror,NA,offline correction - experimenter error - subtraction of 534 ms based on logsheet and video- child was looking away
babylab-potsdam,b7027,2,IDS,IDS8,15,4.86,6.346,noerror,NA,NA
babylab-potsdam,b7027,2,ADS,ADS8,16,6.163,9.403,noerror,NA,NA
babylab-potsdam,b7030,1,training,train1,-2,8.837,9.297,noerror,NA,NA
babylab-potsdam,b7030,1,training,train2,-1,15.414,17.481,noerror,NA,NA
babylab-potsdam,b7030,1,IDS,IDS5,1,10.794,12.379,noerror,NA,NA
babylab-potsdam,b7030,1,ADS,ADS5,2,9.762,9.762,noerror,NA,NA
babylab-potsdam,b7030,1,ADS,ADS7,3,11.291,13.69,noerror,NA,offline correction - experimenter error - subtraction of 334 ms based on logsheet and video- child was looking away
babylab-potsdam,b7030,1,IDS,IDS7,4,5.66,5.66,noerror,NA,NA
babylab-potsdam,b7030,1,ADS,ADS1,5,15.028,18,noerror,NA,NA
babylab-potsdam,b7030,1,IDS,IDS1,6,3.367,3.367,noerror,NA,NA
babylab-potsdam,b7030,1,ADS,ADS3,7,8.704,9.042,noerror,NA,NA
babylab-potsdam,b7030,1,IDS,IDS3,8,4.05,4.05,noerror,NA,NA
babylab-potsdam,b7030,1,ADS,ADS2,9,4.716,6.696,noerror,NA,NA
babylab-potsdam,b7030,1,IDS,IDS2,10,10.309,12.284,noerror,NA,NA
babylab-potsdam,b7030,1,IDS,IDS4,11,2.752,2.752,noerror,NA,NA
babylab-potsdam,b7030,1,ADS,ADS4,12,1.648,1.648,noerror,NA,NA
babylab-potsdam,b7030,1,IDS,IDS6,13,3.381,3.381,noerror,NA,NA
babylab-potsdam,b7030,1,ADS,ADS6,14,4.965,4.965,noerror,NA,NA
babylab-potsdam,b7030,1,IDS,IDS8,15,2.363,2.363,noerror,NA,NA
babylab-potsdam,b7030,1,ADS,ADS8,16,1.551,1.551,noerror,NA,NA
babylab-potsdam,b7030,2,training,train1,-2,6.698,6.698,noerror,NA,NA
babylab-potsdam,b7030,2,training,train2,-1,16.276,18,noerror,NA,NA
babylab-potsdam,b7030,2,IDS,IDS5,1,16.256,18,noerror,NA,NA
babylab-potsdam,b7030,2,ADS,ADS5,2,13.201,18,noerror,NA,NA
babylab-potsdam,b7030,2,ADS,ADS7,3,6.737,7.868,noerror,NA,NA
babylab-potsdam,b7030,2,IDS,IDS7,4,7.478,10.704,noerror,NA,NA
babylab-potsdam,b7030,2,ADS,ADS1,5,3.968,5.108,noerror,NA,NA
babylab-potsdam,b7030,2,IDS,IDS1,6,3.984,5.792,noerror,NA,NA
babylab-potsdam,b7030,2,ADS,ADS3,7,2.598,3.791,noerror,NA,NA
babylab-potsdam,b7030,2,IDS,IDS3,8,1.79,3.305,noerror,NA,offline correction - experimenter error - subtraction of 462 ms based on logsheet and video- child was looking away
babylab-potsdam,b7030,2,ADS,ADS2,9,1.807,1.807,noerror,NA,NA
babylab-potsdam,b7030,2,IDS,IDS2,10,1.637,1.637,noerror,NA,NA
babylab-potsdam,b7030,2,IDS,IDS4,11,9.667,11.815,noerror,NA,NA
babylab-potsdam,b7030,2,ADS,ADS4,12,3.161,4.891,noerror,NA,offline correction - experimenter error - subtraction of 267 and 467 ms based on logsheet and video- child was looking away
babylab-potsdam,b7030,2,IDS,IDS6,13,4.969,4.969,noerror,NA,NA
babylab-potsdam,b7030,2,ADS,ADS6,14,1.451,1.451,noerror,NA,NA
babylab-potsdam,b7030,2,IDS,IDS8,15,1.393,1.393,noerror,NA,NA
babylab-potsdam,b7030,2,ADS,ADS8,16,1.431,1.431,noerror,NA,NA
babylab-potsdam,b7033,1,training,train2,-2,10.56,13.464,noerror,NA,offline correction - experimenter error - subtraction of 2061 ms based on logsheet and video- child was not looking at the beginning of the trial
babylab-potsdam,b7033,1,training,train1,-1,15.819,18,noerror,NA,NA
babylab-potsdam,b7033,1,ADS,ADS1,1,14.371,17.094,noerror,NA,NA
babylab-potsdam,b7033,1,IDS,IDS1,2,13.835,17.885,noerror,NA,NA
babylab-potsdam,b7033,1,ADS,ADS2,3,6.163,7.133,noerror,NA,NA
babylab-potsdam,b7033,1,IDS,IDS2,4,6.851,6.851,noerror,NA,NA
babylab-potsdam,b7033,1,IDS,IDS3,5,9.118,9.787,noerror,NA,NA
babylab-potsdam,b7033,1,ADS,ADS3,6,3.765,3.765,noerror,NA,NA
babylab-potsdam,b7033,1,ADS,ADS4,7,5.231,5.231,noerror,NA,NA
babylab-potsdam,b7033,1,IDS,IDS4,8,10.349,15.122,noerror,NA,offline correction - experimenter error - subtraction of 2101 ms based on logsheet and video- child was not looking at the beginning of the trial
babylab-potsdam,b7033,1,IDS,IDS5,9,7.259,8.554,noerror,NA,NA
babylab-potsdam,b7033,1,ADS,ADS5,10,5.321,6.082,noerror,NA,NA
babylab-potsdam,b7033,1,IDS,IDS6,11,8.399,10.053,noerror,NA,NA
babylab-potsdam,b7033,1,ADS,ADS6,12,4.226,4.226,noerror,NA,NA
babylab-potsdam,b7033,1,ADS,ADS7,13,5.728,7.029,noerror,NA,NA
babylab-potsdam,b7033,1,IDS,IDS7,14,6.896,9.505,noerror,NA,NA
babylab-potsdam,b7033,1,IDS,IDS8,15,7.494,10.209,noerror,NA,NA
babylab-potsdam,b7033,1,ADS,ADS8,16,4.424,5.646,noerror,NA,NA
babylab-potsdam,b7033,2,training,train2,-2,13.884,16.087,noerror,NA,NA
babylab-potsdam,b7033,2,training,train1,-1,3.857,3.857,noerror,NA,NA
babylab-potsdam,b7033,2,ADS,ADS1,1,4.291,4.291,noerror,NA,NA
babylab-potsdam,b7033,2,IDS,IDS1,2,3.899,3.899,noerror,NA,NA
babylab-potsdam,b7033,2,ADS,ADS2,3,2.738,2.738,noerror,NA,NA
babylab-potsdam,b7033,2,IDS,IDS2,4,2.979,2.979,noerror,NA,NA
babylab-potsdam,b7033,2,IDS,IDS3,5,4.517,4.517,noerror,NA,NA
babylab-potsdam,b7033,2,ADS,ADS3,6,3.67,3.67,noerror,NA,NA
babylab-potsdam,b7033,2,ADS,ADS4,7,4.075,4.075,noerror,NA,NA
babylab-potsdam,b7033,2,IDS,IDS4,8,3.108,3.108,noerror,NA,NA
babylab-potsdam,b7033,2,IDS,IDS5,9,4.925,6.767,noerror,NA,NA
babylab-potsdam,b7033,2,ADS,ADS5,10,2.603,2.603,noerror,NA,NA
babylab-potsdam,b7033,2,IDS,IDS6,11,2.23,2.23,noerror,NA,NA
babylab-potsdam,b7033,2,ADS,ADS6,12,2.473,2.473,noerror,NA,NA
babylab-potsdam,b7033,2,ADS,ADS7,13,5.16,6.747,noerror,NA,NA
babylab-potsdam,b7033,2,IDS,IDS7,14,3.564,3.564,noerror,NA,NA
babylab-potsdam,b7033,2,IDS,IDS8,15,3.199,3.199,noerror,NA,NA
babylab-potsdam,b7033,2,ADS,ADS8,16,3.741,3.741,noerror,NA,NA
babylab-potsdam,b7059,1,training,train2,-2,16.195,18,noerror,NA,NA
babylab-potsdam,b7059,1,training,train1,-1,8.192,8.192,noerror,NA,NA
babylab-potsdam,b7059,1,ADS,ADS1,1,4.11,4.11,noerror,NA,offline correction - experimenter error - addition of 748 ms based on logsheet and video- child was looking the whole trial
babylab-potsdam,b7059,1,IDS,IDS1,2,8.294,10.405,noerror,NA,NA
babylab-potsdam,b7059,1,ADS,ADS2,3,4.588,4.588,noerror,NA,NA
babylab-potsdam,b7059,1,IDS,IDS2,4,12.619,16.973,noerror,NA,NA
babylab-potsdam,b7059,1,IDS,IDS3,5,3.557,5.493,noerror,NA,NA
babylab-potsdam,b7059,1,ADS,ADS3,6,3.695,4.603,noerror,NA,NA
babylab-potsdam,b7059,1,ADS,ADS4,7,1.938,1.938,noerror,NA,NA
babylab-potsdam,b7059,1,IDS,IDS4,8,3.595,5.053,noerror,NA,NA
babylab-potsdam,b7059,1,IDS,IDS5,9,0.821,0.821,noerror,NA,NA
babylab-potsdam,b7059,1,ADS,ADS5,10,4.948,5.904,noerror,NA,NA
babylab-potsdam,b7059,1,IDS,IDS6,11,1.361,1.361,noerror,NA,NA
babylab-potsdam,b7059,1,ADS,ADS6,12,3.393,3.393,noerror,NA,NA
babylab-potsdam,b7059,1,ADS,ADS7,13,5.869,8.192,noerror,NA,NA
babylab-potsdam,b7059,1,IDS,IDS7,14,1.211,1.211,noerror,NA,NA
babylab-potsdam,b7059,1,IDS,IDS8,15,1.229,1.229,noerror,NA,NA
babylab-potsdam,b7059,1,ADS,ADS8,16,0.788,0.788,noerror,NA,NA
babylab-potsdam,b7059,2,training,train2,-2,6.759,8.604,noerror,NA,NA
babylab-potsdam,b7059,2,training,train1,-1,2.644,2.644,noerror,NA,NA
babylab-potsdam,b7059,2,ADS,ADS1,1,5.927,8.515,noerror,NA,NA
babylab-potsdam,b7059,2,IDS,IDS1,2,1.23,1.23,noerror,NA,NA
babylab-potsdam,b7059,2,ADS,ADS2,3,1.735,1.735,noerror,NA,NA
babylab-potsdam,b7059,2,IDS,IDS2,4,0.903,0.903,noerror,NA,NA
babylab-potsdam,b7059,2,IDS,IDS3,5,3.437,6.337,noerror,NA,NA
babylab-potsdam,b7059,2,ADS,ADS3,6,0.873,0.873,noerror,NA,NA
babylab-potsdam,b7059,2,ADS,ADS4,7,0.896,0.896,noerror,NA,NA
babylab-potsdam,b7059,2,IDS,IDS4,8,2.403,3.699,noerror,NA,NA
babylab-potsdam,b7059,2,IDS,IDS5,9,1.457,1.457,noerror,NA,NA
babylab-potsdam,b7059,2,ADS,ADS5,10,0.944,0.944,noerror,NA,child is babbling loudly
babylab-potsdam,b7059,2,IDS,IDS6,11,0.658,0.658,noerror,NA,NA
babylab-potsdam,b7059,2,ADS,ADS6,12,0.763,0.763,noerror,NA,NA
babylab-potsdam,b7059,2,ADS,ADS7,13,2.318,2.787,noerror,NA,child is babbling loudly
babylab-potsdam,b7059,2,IDS,IDS7,14,1.265,1.265,noerror,NA,child is babbling loudly
babylab-potsdam,b7059,2,IDS,IDS8,15,0.999,0.999,noerror,NA,child is babbling loudly
babylab-potsdam,b7059,2,ADS,ADS8,16,2.914,2.914,noerror,NA,child is babbling loudly
babylab-potsdam,b7096,1,training,train1,-2,14.528,18,noerror,NA,NA
babylab-potsdam,b7096,1,training,train2,-1,5.764,7.376,noerror,NA,NA
babylab-potsdam,b7096,1,IDS,IDS1,1,13.03,18.001,noerror,NA,offline correction - experimenter error - subtraction of 567 ms based on logsheet and video- child was looking away
babylab-potsdam,b7096,1,ADS,ADS1,2,3.389,4.246,noerror,NA,NA
babylab-potsdam,b7096,1,IDS,IDS2,3,7.065,8.023,noerror,NA,NA
babylab-potsdam,b7096,1,ADS,ADS2,4,3.443,3.443,noerror,NA,NA
babylab-potsdam,b7096,1,ADS,ADS3,5,4.193,5.061,noerror,NA,offline correction - experimenter error - subtraction of 267 ms based on logsheet and video- child was looking away
babylab-potsdam,b7096,1,IDS,IDS3,6,14.006,16.96,noerror,NA,NA
babylab-potsdam,b7096,1,IDS,IDS4,7,3.909,3.909,noerror,NA,NA
babylab-potsdam,b7096,1,ADS,ADS4,8,1.987,1.987,noerror,NA,NA
babylab-potsdam,b7096,1,ADS,ADS5,9,8.453,13.009,noerror,NA,offline correction - experimenter error - subtraction of 934 ms based on logsheet and video- child was looking away
babylab-potsdam,b7096,1,IDS,IDS5,10,3.75,4.618,noerror,NA,offline correction - experimenter error - subtraction of 868 ms based on logsheet and video- child was not looking at the beginning of the trial
babylab-potsdam,b7096,1,ADS,ADS6,11,2.932,6.952,noerror,NA,offline correction - experimenter error - addition of 100 ms based on logsheet and video- child was actually looking and subtraction of 1101 ms because she was not looking anymore
babylab-potsdam,b7096,1,IDS,IDS6,12,4.258,4.258,noerror,NA,NA
babylab-potsdam,b7096,1,IDS,IDS7,13,2.417,3.786,noerror,NA,NA
babylab-potsdam,b7096,1,ADS,ADS7,14,7.468,7.468,noerror,NA,NA
babylab-potsdam,b7096,1,ADS,ADS8,15,5.015,5.015,noerror,NA,NA
babylab-potsdam,b7096,1,IDS,IDS8,16,14.681,18,noerror,NA,NA
babylab-potsdam,b7096,2,training,train1,-2,6.131,10.423,noerror,NA,offline correction - experimenter error - subtraction of 1468 ms based on logsheet and video- child was looking away
babylab-potsdam,b7096,2,training,train2,-1,3.149,3.149,noerror,NA,NA
babylab-potsdam,b7096,2,IDS,IDS1,1,13.782,18.001,noerror,NA,NA
babylab-potsdam,b7096,2,ADS,ADS1,2,3.232,3.232,noerror,NA,NA
babylab-potsdam,b7096,2,IDS,IDS2,3,2.975,2.975,noerror,NA,NA
babylab-potsdam,b7096,2,ADS,ADS2,4,10.584,11.408,noerror,NA,NA
babylab-potsdam,b7096,2,ADS,ADS3,5,2.641,2.641,noerror,NA,NA
babylab-potsdam,b7096,2,IDS,IDS3,6,6.437,6.437,noerror,NA,NA
babylab-potsdam,b7096,2,IDS,IDS4,7,2.304,2.304,noerror,NA,NA
babylab-potsdam,b7096,2,ADS,ADS4,8,12.327,12.856,noerror,NA,NA
babylab-potsdam,b7096,2,ADS,ADS5,9,10.076,10.837,noerror,NA,NA
babylab-potsdam,b7096,2,IDS,IDS5,10,2.523,2.523,noerror,NA,NA
babylab-potsdam,b7096,2,ADS,ADS6,11,2.161,2.161,noerror,NA,NA
babylab-potsdam,b7096,2,IDS,IDS6,12,1.934,1.934,noerror,NA,NA
babylab-potsdam,b7096,2,IDS,IDS7,13,2.873,4.053,noerror,NA,child looked up to her father- was distracted
babylab-potsdam,b7096,2,ADS,ADS7,14,0.873,0.873,noerror,NA,NA
babylab-potsdam,b7096,2,ADS,ADS8,15,5.512,5.512,noerror,NA,NA
babylab-potsdam,b7096,2,IDS,IDS8,16,7.201,9.103,noerror,NA,offline correction - experimenter error - subtraction of 1902 ms based on logsheet and video- child was looking away
babylab-potsdam,b7105,1,training,train2,-2,18,18,noerror,NA,NA
babylab-potsdam,b7105,1,training,train1,-1,17.548,18,noerror,NA,NA
babylab-potsdam,b7105,1,ADS,ADS1,1,16.851,18,noerror,NA,NA
babylab-potsdam,b7105,1,IDS,IDS1,2,17.678,18.001,noerror,NA,NA
babylab-potsdam,b7105,1,ADS,ADS2,3,18,18,noerror,NA,NA
babylab-potsdam,b7105,1,IDS,IDS2,4,15.279,18.001,noerror,NA,NA
babylab-potsdam,b7105,1,IDS,IDS3,5,14.227,18,noerror,NA,NA
babylab-potsdam,b7105,1,ADS,ADS3,6,8.798,9.88,noerror,NA,NA
babylab-potsdam,b7105,1,ADS,ADS4,7,6.306,7.348,noerror,NA,NA
babylab-potsdam,b7105,1,IDS,IDS4,8,3.726,3.726,noerror,NA,NA
babylab-potsdam,b7105,1,IDS,IDS5,9,10.107,13.115,noerror,NA,NA
babylab-potsdam,b7105,1,ADS,ADS5,10,5.519,5.519,noerror,NA,NA
babylab-potsdam,b7105,1,IDS,IDS6,11,3.656,4.128,noerror,NA,NA
babylab-potsdam,b7105,1,ADS,ADS6,12,16.577,18,noerror,NA,NA
babylab-potsdam,b7105,1,ADS,ADS7,13,10.531,13.077,noerror,NA,NA
babylab-potsdam,b7105,1,IDS,IDS7,14,14.198,15.903,noerror,NA,NA
babylab-potsdam,b7105,1,IDS,IDS8,15,7.828,7.828,noerror,NA,NA
babylab-potsdam,b7105,1,ADS,ADS8,16,5.961,7.174,noerror,NA,NA
babylab-potsdam,b7105,2,training,train2,-2,14.838,18,noerror,NA,NA
babylab-potsdam,b7105,2,training,train1,-1,6.105,8.298,noerror,NA,NA
babylab-potsdam,b7105,2,ADS,ADS1,1,14.737,17.615,noerror,NA,NA
babylab-potsdam,b7105,2,IDS,IDS1,2,4.688,6.043,noerror,NA,NA
babylab-potsdam,b7105,2,ADS,ADS2,3,7.584,8.051,noerror,NA,NA
babylab-potsdam,b7105,2,IDS,IDS2,4,9.594,12.853,noerror,NA,NA
babylab-potsdam,b7105,2,IDS,IDS3,5,10.587,12.409,noerror,NA,NA
babylab-potsdam,b7105,2,ADS,ADS3,6,3.932,3.932,noerror,NA,NA
babylab-potsdam,b7105,2,ADS,ADS4,7,4.98,5.613,noerror,NA,NA
babylab-potsdam,b7105,2,IDS,IDS4,8,3.952,3.952,noerror,NA,NA
babylab-potsdam,b7105,2,IDS,IDS5,9,4.601,4.601,noerror,NA,NA
babylab-potsdam,b7105,2,ADS,ADS5,10,16.774,18,noerror,NA,NA
babylab-potsdam,b7105,2,IDS,IDS6,11,2.663,2.663,noerror,NA,NA
babylab-potsdam,b7105,2,ADS,ADS6,12,3.322,3.322,noerror,NA,NA
babylab-potsdam,b7105,2,ADS,ADS7,13,1.372,1.372,noerror,NA,NA
babylab-potsdam,b7105,2,IDS,IDS7,14,1.209,1.209,noerror,NA,NA
babylab-potsdam,b7105,2,IDS,IDS8,15,3.528,3.857,noerror,NA,NA
babylab-potsdam,b7105,2,ADS,ADS8,16,2.468,2.468,noerror,NA,NA
babylab-potsdam,b7135,1,training,train2,-2,17.077,18,noerror,NA,NA
babylab-potsdam,b7135,1,training,train1,-1,14.092,16.698,noerror,NA,NA
babylab-potsdam,b7135,1,ADS,ADS5,1,15.826,18,noerror,NA,NA
babylab-potsdam,b7135,1,IDS,IDS5,2,8.271,8.271,noerror,NA,NA
babylab-potsdam,b7135,1,IDS,IDS7,3,16.981,18,noerror,NA,NA
babylab-potsdam,b7135,1,ADS,ADS7,4,10.872,12.007,noerror,NA,NA
babylab-potsdam,b7135,1,IDS,IDS1,5,13.772,18.001,noerror,NA,NA
babylab-potsdam,b7135,1,ADS,ADS1,6,9.999,11.509,noerror,NA,NA
babylab-potsdam,b7135,1,IDS,IDS3,7,13.356,16.748,noerror,NA,NA
babylab-potsdam,b7135,1,ADS,ADS3,8,3.635,3.635,noerror,NA,NA
babylab-potsdam,b7135,1,IDS,IDS2,9,13.071,18.001,noerror,NA,NA
babylab-potsdam,b7135,1,ADS,ADS2,10,5.929,7.097,noerror,NA,NA
babylab-potsdam,b7135,1,ADS,ADS4,11,12.629,18,noerror,NA,offline correction - experimenter error - subtraction of 570 ms based on logsheet and video- child was looking away
babylab-potsdam,b7135,1,IDS,IDS4,12,5.657,7.035,noerror,NA,NA
babylab-potsdam,b7135,1,ADS,ADS6,13,13.001,17.522,noerror,NA,offline correction - experimenter error - subtraction of 775 ms based on logsheet and video- child was looking away
babylab-potsdam,b7135,1,IDS,IDS6,14,3.492,3.492,noerror,NA,NA
babylab-potsdam,b7135,1,ADS,ADS8,15,5.038,7.535,noerror,NA,offline correction - experimenter error - subtraction of 738 ms based on logsheet and video- child was looking away
babylab-potsdam,b7135,1,IDS,IDS8,16,18,18,noerror,NA,NA
babylab-potsdam,b7135,2,training,train2,-2,17.456,18,noerror,NA,NA
babylab-potsdam,b7135,2,training,train1,-1,2.984,2.984,noerror,NA,NA
babylab-potsdam,b7135,2,ADS,ADS5,1,11.633,13.585,noerror,NA,NA
babylab-potsdam,b7135,2,IDS,IDS5,2,7.214,11.595,noerror,NA,NA
babylab-potsdam,b7135,2,IDS,IDS7,3,8.688,11.724,noerror,NA,offline correction - experimenter error - addition of 501 ms based on logsheet and video- child was actually looking
babylab-potsdam,b7135,2,ADS,ADS7,4,10.152,11.699,noerror,NA,NA
babylab-potsdam,b7135,2,IDS,IDS1,5,2.603,2.603,noerror,NA,NA
babylab-potsdam,b7135,2,ADS,ADS1,6,3.357,3.357,noerror,NA,NA
babylab-potsdam,b7135,2,IDS,IDS3,7,2.396,2.396,noerror,NA,NA
babylab-potsdam,b7135,2,ADS,ADS3,8,3.32,3.32,noerror,NA,NA
babylab-potsdam,b7135,2,IDS,IDS2,9,4.399,4.399,noerror,NA,NA
babylab-potsdam,b7135,2,ADS,ADS2,10,3.854,3.854,noerror,NA,NA
babylab-potsdam,b7135,2,ADS,ADS4,11,2.166,2.166,noerror,NA,NA
babylab-potsdam,b7135,2,IDS,IDS4,12,2.42,2.42,noerror,NA,NA
babylab-potsdam,b7135,2,ADS,ADS6,13,6.131,11.301,noerror,NA,NA
babylab-potsdam,b7135,2,IDS,IDS6,14,2.86,2.86,noerror,NA,NA
babylab-potsdam,b7135,2,ADS,ADS8,15,1.693,1.693,noerror,NA,NA
babylab-potsdam,b7135,2,IDS,IDS8,16,5.674,9.034,noerror,NA,NA
babylab-potsdam,b7139,1,training,train2,-2,17.102,18,noerror,NA,NA
babylab-potsdam,b7139,1,training,train1,-1,16.925,17.995,noerror,NA,NA
babylab-potsdam,b7139,1,ADS,ADS1,1,17.09,18,noerror,NA,NA
babylab-potsdam,b7139,1,IDS,IDS1,2,16.093,17.415,noerror,NA,NA
babylab-potsdam,b7139,1,ADS,ADS2,3,15.219,18,noerror,NA,NA
babylab-potsdam,b7139,1,IDS,IDS2,4,9.904,12.043,noerror,NA,NA
babylab-potsdam,b7139,1,IDS,IDS3,5,16.851,18,noerror,NA,NA
babylab-potsdam,b7139,1,ADS,ADS3,6,6.659,8.422,noerror,NA,NA
babylab-potsdam,b7139,1,ADS,ADS4,7,13.285,18,noerror,NA,NA
babylab-potsdam,b7139,1,IDS,IDS4,8,6.405,6.405,noerror,NA,NA
babylab-potsdam,b7139,1,IDS,IDS5,9,13.075,13.646,noerror,NA,NA
babylab-potsdam,b7139,1,ADS,ADS5,10,7.281,9.501,noerror,NA,NA
babylab-potsdam,b7139,1,IDS,IDS6,11,4.047,4.848,noerror,NA,NA
babylab-potsdam,b7139,1,ADS,ADS6,12,11.434,16.3,noerror,NA,NA
babylab-potsdam,b7139,1,ADS,ADS7,13,16.386,17.974,noerror,NA,NA
babylab-potsdam,b7139,1,IDS,IDS7,14,7.577,9.694,noerror,NA,NA
babylab-potsdam,b7139,1,IDS,IDS8,15,5.968,7.244,noerror,NA,NA
babylab-potsdam,b7139,1,ADS,ADS8,16,8.843,10.93,noerror,NA,NA
babylab-potsdam,b7139,2,training,train2,-2,14.033,17.499,noerror,NA,NA
babylab-potsdam,b7139,2,training,train1,-1,9.771,11.281,noerror,NA,NA
babylab-potsdam,b7139,2,ADS,ADS1,1,10.978,12.551,noerror,NA,NA
babylab-potsdam,b7139,2,IDS,IDS1,2,16.292,16.292,noerror,NA,NA
babylab-potsdam,b7139,2,ADS,ADS2,3,4.435,6.321,noerror,NA,NA
babylab-potsdam,b7139,2,IDS,IDS2,4,12.789,18.001,noerror,NA,NA
babylab-potsdam,b7139,2,IDS,IDS3,5,8.814,11.934,noerror,NA,NA
babylab-potsdam,b7139,2,ADS,ADS3,6,5.993,9.032,noerror,NA,offline correction - experimenter error - subtraction of 596 ms based on logsheet and video- child was not looking
babylab-potsdam,b7139,2,ADS,ADS4,7,1.766,1.766,noerror,NA,NA
babylab-potsdam,b7139,2,IDS,IDS4,8,5.556,6.915,noerror,NA,NA
babylab-potsdam,b7139,2,IDS,IDS5,9,11.752,18,noerror,NA,NA
babylab-potsdam,b7139,2,ADS,ADS5,10,3.46,4.263,noerror,NA,NA
babylab-potsdam,b7139,2,IDS,IDS6,11,3.476,4.721,noerror,NA,NA
babylab-potsdam,b7139,2,ADS,ADS6,12,2.263,2.263,noerror,NA,NA
babylab-potsdam,b7139,2,ADS,ADS7,13,1.985,1.985,noerror,NA,NA
babylab-potsdam,b7139,2,IDS,IDS7,14,8.669,13.901,noerror,NA,NA
babylab-potsdam,b7139,2,IDS,IDS8,15,1.371,1.371,noerror,NA,NA
babylab-potsdam,b7139,2,ADS,ADS8,16,3.441,4.417,noerror,NA,NA
babylab-potsdam,b7140,1,training,train1,-2,17.192,18,noerror,NA,NA
babylab-potsdam,b7140,1,training,train2,-1,15.427,18,noerror,NA,NA
babylab-potsdam,b7140,1,IDS,IDS1,1,17.032,18.001,noerror,NA,NA
babylab-potsdam,b7140,1,ADS,ADS1,2,4.061,4.061,noerror,NA,NA
babylab-potsdam,b7140,1,IDS,IDS2,3,5.273,5.273,noerror,NA,NA
babylab-potsdam,b7140,1,ADS,ADS2,4,8.093,10.264,noerror,NA,NA
babylab-potsdam,b7140,1,ADS,ADS3,5,4.662,4.662,noerror,NA,NA
babylab-potsdam,b7140,1,IDS,IDS3,6,17.088,18,noerror,NA,NA
babylab-potsdam,b7140,1,IDS,IDS4,7,3.209,3.209,noerror,NA,NA
babylab-potsdam,b7140,1,ADS,ADS4,8,14.805,18,noerror,NA,NA
babylab-potsdam,b7140,1,ADS,ADS5,9,14.745,18,noerror,NA,NA
babylab-potsdam,b7140,1,IDS,IDS5,10,9.429,9.975,noerror,NA,NA
babylab-potsdam,b7140,1,ADS,ADS6,11,14.465,18,noerror,NA,NA
babylab-potsdam,b7140,1,IDS,IDS6,12,5.319,5.319,noerror,NA,NA
babylab-potsdam,b7140,1,IDS,IDS7,13,14.827,18,noerror,NA,NA
babylab-potsdam,b7140,1,ADS,ADS7,14,0.78,0.78,noerror,NA,NA
babylab-potsdam,b7140,1,ADS,ADS8,15,6.44,7.876,noerror,NA,NA
babylab-potsdam,b7140,1,IDS,IDS8,16,15.471,17.064,noerror,NA,NA
babylab-potsdam,b7140,2,training,train1,-2,17.944,17.944,noerror,NA,NA
babylab-potsdam,b7140,2,training,train2,-1,7.217,7.217,noerror,NA,NA
babylab-potsdam,b7140,2,IDS,IDS1,1,16.177,17.937,noerror,NA,NA
babylab-potsdam,b7140,2,ADS,ADS1,2,2.593,2.593,noerror,NA,NA
babylab-potsdam,b7140,2,IDS,IDS2,3,2.225,2.225,noerror,NA,NA
babylab-potsdam,b7140,2,ADS,ADS2,4,11.193,18,noerror,NA,NA
babylab-potsdam,b7140,2,ADS,ADS3,5,2.924,2.924,noerror,NA,NA
babylab-potsdam,b7140,2,IDS,IDS3,6,5.584,7.092,noerror,NA,NA
babylab-potsdam,b7140,2,IDS,IDS4,7,2.479,2.479,noerror,NA,NA
babylab-potsdam,b7140,2,ADS,ADS4,8,3.559,4.976,noerror,NA,NA
babylab-potsdam,b7140,2,ADS,ADS5,9,1.986,1.986,noerror,NA,NA
babylab-potsdam,b7140,2,IDS,IDS5,10,10.114,12.512,noerror,NA,NA
babylab-potsdam,b7140,2,ADS,ADS6,11,1.666,1.666,noerror,NA,NA
babylab-potsdam,b7140,2,IDS,IDS6,12,5.694,7.651,noerror,NA,NA
babylab-potsdam,b7140,2,IDS,IDS7,13,10.752,14.796,noerror,NA,NA
babylab-potsdam,b7140,2,ADS,ADS7,14,4.117,6.154,noerror,NA,NA
babylab-potsdam,b7140,2,ADS,ADS8,15,2.61,3.105,noerror,NA,NA
babylab-potsdam,b7140,2,IDS,IDS8,16,2.511,2.511,noerror,NA,NA
babylab-potsdam,b7145,1,training,train1,-2,16.858,18,noerror,NA,NA
babylab-potsdam,b7145,1,training,train2,-1,10.496,12.436,noerror,NA,NA
babylab-potsdam,b7145,1,IDS,IDS5,1,11.185,11.649,noerror,NA,NA
babylab-potsdam,b7145,1,ADS,ADS5,2,10.899,11.74,noerror,NA,NA
babylab-potsdam,b7145,1,ADS,ADS7,3,10.833,11.986,noerror,NA,NA
babylab-potsdam,b7145,1,IDS,IDS7,4,15.231,15.231,noerror,NA,NA
babylab-potsdam,b7145,1,ADS,ADS1,5,13.544,14.703,noerror,NA,NA
babylab-potsdam,b7145,1,IDS,IDS1,6,12.234,14.082,noerror,NA,NA
babylab-potsdam,b7145,1,ADS,ADS3,7,4.151,4.151,noerror,NA,NA
babylab-potsdam,b7145,1,IDS,IDS3,8,5.267,5.267,noerror,NA,NA
babylab-potsdam,b7145,1,ADS,ADS2,9,3.781,3.781,noerror,NA,NA
babylab-potsdam,b7145,1,IDS,IDS2,10,4.365,4.365,noerror,NA,NA
babylab-potsdam,b7145,1,IDS,IDS4,11,10.013,11.512,noerror,NA,NA
babylab-potsdam,b7145,1,ADS,ADS4,12,3.514,3.514,noerror,NA,NA
babylab-potsdam,b7145,1,IDS,IDS6,13,3.042,3.042,noerror,NA,NA
babylab-potsdam,b7145,1,ADS,ADS6,14,2.837,2.837,noerror,NA,NA
babylab-potsdam,b7145,1,IDS,IDS8,15,6.744,7.526,noerror,NA,NA
babylab-potsdam,b7145,1,ADS,ADS8,16,4.86,4.86,noerror,NA,NA
babylab-potsdam,b7145,2,training,train1,-2,9.904,9.904,noerror,NA,NA
babylab-potsdam,b7145,2,training,train2,-1,2.935,2.935,noerror,NA,NA
babylab-potsdam,b7145,2,IDS,IDS5,1,9.035,9.035,noerror,NA,NA
babylab-potsdam,b7145,2,ADS,ADS5,2,8.278,9.954,noerror,NA,NA
babylab-potsdam,b7145,2,ADS,ADS7,3,8.794,10.729,noerror,NA,NA
babylab-potsdam,b7145,2,IDS,IDS7,4,6.078,6.078,noerror,NA,NA
babylab-potsdam,b7145,2,ADS,ADS1,5,4.129,4.129,noerror,NA,NA
babylab-potsdam,b7145,2,IDS,IDS1,6,4.875,4.875,noerror,NA,NA
babylab-potsdam,b7145,2,ADS,ADS3,7,4.391,4.391,noerror,NA,NA
babylab-potsdam,b7145,2,IDS,IDS3,8,7.376,7.376,noerror,NA,NA
babylab-potsdam,b7145,2,ADS,ADS2,9,6.637,6.637,noerror,NA,NA
babylab-potsdam,b7145,2,IDS,IDS2,10,3.831,3.831,noerror,NA,NA
babylab-potsdam,b7145,2,IDS,IDS4,11,18,18,noerror,NA,NA
babylab-potsdam,b7145,2,ADS,ADS4,12,4.9,4.9,noerror,NA,NA
babylab-potsdam,b7145,2,IDS,IDS6,13,6.54,6.54,noerror,NA,NA
babylab-potsdam,b7145,2,ADS,ADS6,14,3.082,3.082,noerror,NA,NA
babylab-potsdam,b7145,2,IDS,IDS8,15,5.292,5.292,noerror,NA,NA
babylab-potsdam,b7145,2,ADS,ADS8,16,6.301,6.301,noerror,NA,NA
babylab-potsdam,b7146,1,training,train1,-2,17.313,18,noerror,NA,NA
babylab-potsdam,b7146,1,training,train2,-1,16.121,18,noerror,NA,NA
babylab-potsdam,b7146,1,IDS,IDS5,1,17.361,18,noerror,NA,NA
babylab-potsdam,b7146,1,ADS,ADS5,2,13.669,18,noerror,NA,NA
babylab-potsdam,b7146,1,ADS,ADS7,3,9.077,11.318,noerror,NA,NA
babylab-potsdam,b7146,1,IDS,IDS7,4,14.082,16.02,noerror,NA,NA
babylab-potsdam,b7146,1,ADS,ADS1,5,8.708,11.142,noerror,NA,NA
babylab-potsdam,b7146,1,IDS,IDS1,6,3.06,3.06,noerror,NA,NA
babylab-potsdam,b7146,1,ADS,ADS3,7,4.528,5.782,noerror,NA,NA
babylab-potsdam,b7146,1,IDS,IDS3,8,5.938,7.1,noerror,NA,NA
babylab-potsdam,b7146,1,ADS,ADS2,9,2.908,2.908,noerror,NA,NA
babylab-potsdam,b7146,1,IDS,IDS2,10,15.111,16.344,noerror,NA,NA
babylab-potsdam,b7146,1,IDS,IDS4,11,3.174,3.174,noerror,NA,NA
babylab-potsdam,b7146,1,ADS,ADS4,12,5.805,7.567,noerror,NA,NA
babylab-potsdam,b7146,1,IDS,IDS6,13,12.771,12.771,noerror,NA,NA
babylab-potsdam,b7146,1,ADS,ADS6,14,2.625,2.625,noerror,NA,NA
babylab-potsdam,b7146,1,IDS,IDS8,15,3.656,3.656,noerror,NA,NA
babylab-potsdam,b7146,1,ADS,ADS8,16,10.958,13.289,noerror,NA,NA
babylab-potsdam,b7146,2,training,train1,-2,15.266,18,noerror,NA,NA
babylab-potsdam,b7146,2,training,train2,-1,18,18,noerror,NA,NA
babylab-potsdam,b7146,2,IDS,IDS5,1,12.118,15.004,noerror,NA,NA
babylab-potsdam,b7146,2,ADS,ADS5,2,17.288,18,noerror,NA,NA
babylab-potsdam,b7146,2,ADS,ADS7,3,16.581,18.001,noerror,NA,NA
babylab-potsdam,b7146,2,IDS,IDS7,4,4.716,6.552,noerror,NA,NA
babylab-potsdam,b7146,2,ADS,ADS1,5,13.488,18,noerror,NA,NA
babylab-potsdam,b7146,2,IDS,IDS1,6,10.622,14.844,noerror,NA,NA
babylab-potsdam,b7146,2,ADS,ADS3,7,3.057,3.057,noerror,NA,NA
babylab-potsdam,b7146,2,IDS,IDS3,8,6.166,7.857,noerror,NA,NA
babylab-potsdam,b7146,2,ADS,ADS2,9,2.617,2.617,noerror,NA,NA
babylab-potsdam,b7146,2,IDS,IDS2,10,7.921,9.673,noerror,NA,NA
babylab-potsdam,b7146,2,IDS,IDS4,11,2.833,2.833,noerror,NA,NA
babylab-potsdam,b7146,2,ADS,ADS4,12,2.141,2.141,noerror,NA,NA
babylab-potsdam,b7146,2,IDS,IDS6,13,2.38,2.38,noerror,NA,NA
babylab-potsdam,b7146,2,ADS,ADS6,14,5.245,5.245,noerror,NA,NA
babylab-potsdam,b7146,2,IDS,IDS8,15,9.437,11.126,noerror,NA,NA
babylab-potsdam,b7146,2,ADS,ADS8,16,11.657,15.474,noerror,NA,NA
babylab-potsdam,b7147,1,training,train2,-2,15.818,17.877,noerror,NA,NA
babylab-potsdam,b7147,1,training,train1,-1,7.467,9.395,noerror,NA,NA
babylab-potsdam,b7147,1,ADS,ADS5,1,15.571,17.154,noerror,NA,NA
babylab-potsdam,b7147,1,IDS,IDS5,2,10.725,12.348,noerror,NA,NA
babylab-potsdam,b7147,1,IDS,IDS7,3,14.699,18,noerror,NA,NA
babylab-potsdam,b7147,1,ADS,ADS7,4,8.375,9.917,noerror,NA,NA
babylab-potsdam,b7147,1,IDS,IDS1,5,12.352,16.907,noerror,NA,NA
babylab-potsdam,b7147,1,ADS,ADS1,6,3.28,3.28,noerror,NA,NA
babylab-potsdam,b7147,1,IDS,IDS3,7,8.946,10.03,noerror,NA,NA
babylab-potsdam,b7147,1,ADS,ADS3,8,4.217,4.217,noerror,NA,NA
babylab-potsdam,b7147,1,IDS,IDS2,9,4.291,4.291,noerror,NA,NA
babylab-potsdam,b7147,1,ADS,ADS2,10,5.378,5.378,noerror,NA,NA
babylab-potsdam,b7147,1,ADS,ADS4,11,7.702,7.702,noerror,NA,NA
babylab-potsdam,b7147,1,IDS,IDS4,12,4.834,4.834,noerror,NA,NA
babylab-potsdam,b7147,1,ADS,ADS6,13,11.088,11.088,noerror,NA,NA
babylab-potsdam,b7147,1,IDS,IDS6,14,4.664,4.664,noerror,NA,NA
babylab-potsdam,b7147,1,ADS,ADS8,15,4.833,4.833,noerror,NA,NA
babylab-potsdam,b7147,1,IDS,IDS8,16,2.935,2.935,noerror,NA,NA
babylab-potsdam,b7147,2,training,train2,-2,8.224,8.224,noerror,NA,NA
babylab-potsdam,b7147,2,training,train1,-1,7.023,7.023,noerror,NA,NA
babylab-potsdam,b7147,2,ADS,ADS5,1,16.584,18,noerror,NA,NA
babylab-potsdam,b7147,2,IDS,IDS5,2,16.601,18,noerror,NA,NA
babylab-potsdam,b7147,2,IDS,IDS7,3,3.956,3.956,noerror,NA,NA
babylab-potsdam,b7147,2,ADS,ADS7,4,13.182,18.001,noerror,NA,NA
babylab-potsdam,b7147,2,IDS,IDS1,5,14.74,18.001,noerror,NA,NA
babylab-potsdam,b7147,2,ADS,ADS1,6,13.206,18,noerror,NA,NA
babylab-potsdam,b7147,2,IDS,IDS3,7,12.871,18,noerror,NA,NA
babylab-potsdam,b7147,2,ADS,ADS3,8,4.424,5.942,noerror,NA,NA
babylab-potsdam,b7147,2,IDS,IDS2,9,5.048,6.561,noerror,NA,NA
babylab-potsdam,b7147,2,ADS,ADS2,10,3.724,5.091,noerror,NA,NA
babylab-potsdam,b7147,2,ADS,ADS4,11,2.228,2.228,noerror,NA,NA
babylab-potsdam,b7147,2,IDS,IDS4,12,2.29,2.29,noerror,NA,NA
babylab-potsdam,b7147,2,ADS,ADS6,13,11.068,17.979,noerror,NA,NA
babylab-potsdam,b7147,2,IDS,IDS6,14,2.877,3.754,noerror,NA,NA
babylab-potsdam,b7147,2,ADS,ADS8,15,2.964,2.964,noerror,NA,NA
babylab-potsdam,b7147,2,IDS,IDS8,16,12.979,18,noerror,NA,NA
babylab-potsdam,b7149,1,training,train1,-2,11.628,11.628,noerror,NA,NA
babylab-potsdam,b7149,1,training,train2,-1,9.845,14.564,noerror,NA,NA
babylab-potsdam,b7149,1,IDS,IDS1,1,16.115,18.001,noerror,NA,NA
babylab-potsdam,b7149,1,ADS,ADS1,2,13.303,17.159,noerror,NA,NA
babylab-potsdam,b7149,1,IDS,IDS2,3,5.283,5.898,noerror,NA,NA
babylab-potsdam,b7149,1,ADS,ADS2,4,13.248,18,noerror,NA,NA
babylab-potsdam,b7149,1,ADS,ADS3,5,3.946,3.946,noerror,NA,NA
babylab-potsdam,b7149,1,IDS,IDS3,6,8.542,9.874,noerror,NA,NA
babylab-potsdam,b7149,1,IDS,IDS4,7,11.655,11.655,noerror,NA,NA
babylab-potsdam,b7149,1,ADS,ADS4,8,13.921,18,noerror,NA,NA
babylab-potsdam,b7149,1,ADS,ADS5,9,8.928,8.928,noerror,NA,NA
babylab-potsdam,b7149,1,IDS,IDS5,10,6.238,8.097,noerror,NA,NA
babylab-potsdam,b7149,1,ADS,ADS6,11,6.147,6.81,noerror,NA,NA
babylab-potsdam,b7149,1,IDS,IDS6,12,10.802,14.423,noerror,NA,NA
babylab-potsdam,b7149,1,IDS,IDS7,13,8.716,11.456,noerror,NA,NA
babylab-potsdam,b7149,1,ADS,ADS7,14,6.682,7.319,noerror,NA,NA
babylab-potsdam,b7149,1,ADS,ADS8,15,3.882,3.882,noerror,NA,NA
babylab-potsdam,b7149,1,IDS,IDS8,16,5.76,5.76,noerror,NA,NA
babylab-potsdam,b7149,2,training,train1,-2,12.332,16.308,noerror,NA,NA
babylab-potsdam,b7149,2,training,train2,-1,5.821,6.923,noerror,NA,NA
babylab-potsdam,b7149,2,IDS,IDS1,1,14.349,18.001,noerror,NA,NA
babylab-potsdam,b7149,2,ADS,ADS1,2,9.165,11.464,noerror,NA,NA
babylab-potsdam,b7149,2,IDS,IDS2,3,3.236,3.236,noerror,NA,NA
babylab-potsdam,b7149,2,ADS,ADS2,4,6.19,7.769,noerror,NA,NA
babylab-potsdam,b7149,2,ADS,ADS3,5,2.747,2.747,noerror,NA,NA
babylab-potsdam,b7149,2,IDS,IDS3,6,6.442,7.683,noerror,NA,NA
babylab-potsdam,b7149,2,IDS,IDS4,7,3.375,4.592,noerror,NA,NA
babylab-potsdam,b7149,2,ADS,ADS4,8,2.152,2.152,noerror,NA,NA
babylab-potsdam,b7149,2,ADS,ADS5,9,2.128,2.128,noerror,NA,NA
babylab-potsdam,b7149,2,IDS,IDS5,10,3.749,3.749,noerror,NA,NA
babylab-potsdam,b7149,2,ADS,ADS6,11,2.751,2.751,noerror,NA,NA
babylab-potsdam,b7149,2,IDS,IDS6,12,1.633,1.633,noerror,NA,NA
babylab-potsdam,b7149,2,IDS,IDS7,13,4.112,4.112,noerror,NA,NA
babylab-potsdam,b7149,2,ADS,ADS7,14,3.097,3.097,noerror,NA,NA
babylab-potsdam,b7149,2,ADS,ADS8,15,4.048,4.837,noerror,NA,NA
babylab-potsdam,b7149,2,IDS,IDS8,16,2.756,2.756,noerror,NA,NA
babylab-potsdam,b7151,1,training,train1,-2,12.007,12.007,noerror,NA,NA
babylab-potsdam,b7151,1,training,train2,-1,11.624,14.005,noerror,NA,NA
babylab-potsdam,b7151,1,IDS,IDS1,1,12.044,12.044,noerror,NA,NA
babylab-potsdam,b7151,1,ADS,ADS1,2,14.903,17.57,noerror,NA,NA
babylab-potsdam,b7151,1,IDS,IDS2,3,16.168,18.001,noerror,NA,NA
babylab-potsdam,b7151,1,ADS,ADS2,4,5.534,5.534,noerror,NA,NA
babylab-potsdam,b7151,1,ADS,ADS3,5,12.257,15.013,noerror,NA,NA
babylab-potsdam,b7151,1,IDS,IDS3,6,5.739,5.739,noerror,NA,NA
babylab-potsdam,b7151,1,IDS,IDS4,7,12.285,14.801,noerror,NA,NA
babylab-potsdam,b7151,1,ADS,ADS4,8,3.272,3.272,noerror,NA,NA
babylab-potsdam,b7151,1,ADS,ADS5,9,3.608,3.608,noerror,NA,NA
babylab-potsdam,b7151,1,IDS,IDS5,10,10.169,11.249,noerror,NA,NA
babylab-potsdam,b7151,1,ADS,ADS6,11,2.629,2.629,noerror,NA,NA
babylab-potsdam,b7151,1,IDS,IDS6,12,15.151,18.001,noerror,NA,NA
babylab-potsdam,b7151,1,IDS,IDS7,13,4.53,4.53,noerror,NA,NA
babylab-potsdam,b7151,1,ADS,ADS7,14,3.399,3.399,noerror,NA,NA
babylab-potsdam,b7151,1,ADS,ADS8,15,2.238,2.238,noerror,NA,NA
babylab-potsdam,b7151,1,IDS,IDS8,16,2.977,3.629,noerror,NA,NA
babylab-potsdam,b7151,2,training,train1,-2,16.166,18,noerror,NA,NA
babylab-potsdam,b7151,2,training,train2,-1,9.294,10.175,noerror,NA,NA
babylab-potsdam,b7151,2,IDS,IDS1,1,14.533,18.001,noerror,NA,NA
babylab-potsdam,b7151,2,ADS,ADS1,2,13.858,17.057,noerror,NA,NA
babylab-potsdam,b7151,2,IDS,IDS2,3,6.045,6.913,noerror,NA,NA
babylab-potsdam,b7151,2,ADS,ADS2,4,6.855,8.04,noerror,NA,NA
babylab-potsdam,b7151,2,ADS,ADS3,5,9.22,11.508,noerror,NA,NA
babylab-potsdam,b7151,2,IDS,IDS3,6,3.069,3.069,noerror,NA,NA
babylab-potsdam,b7151,2,IDS,IDS4,7,3.357,5.15,noerror,NA,NA
babylab-potsdam,b7151,2,ADS,ADS4,8,1.712,1.712,noerror,NA,NA
babylab-potsdam,b7151,2,ADS,ADS5,9,4.434,4.434,noerror,NA,NA
babylab-potsdam,b7151,2,IDS,IDS5,10,14.847,18,noerror,NA,offline correction - experimenter error - subtraction of 366 ms based on logsheet and video- child was not looking
babylab-potsdam,b7151,2,ADS,ADS6,11,2.898,2.898,noerror,NA,NA
babylab-potsdam,b7151,2,IDS,IDS6,12,13.508,18,noerror,NA,NA
babylab-potsdam,b7151,2,IDS,IDS7,13,9.799,11.305,noerror,NA,NA
babylab-potsdam,b7151,2,ADS,ADS7,14,1.918,1.918,noerror,NA,NA
babylab-potsdam,b7151,2,ADS,ADS8,15,4.901,6.088,noerror,NA,NA
babylab-potsdam,b7151,2,IDS,IDS8,16,5.773,7.639,noerror,NA,NA
babylab-potsdam,b7155,1,training,train2,-2,6.851,6.851,noerror,NA,NA
babylab-potsdam,b7155,1,training,train1,-1,7.211,7.211,noerror,NA,NA
babylab-potsdam,b7155,1,ADS,ADS5,1,16.383,18,noerror,NA,NA
babylab-potsdam,b7155,1,IDS,IDS5,2,12.262,13.557,noerror,NA,NA
babylab-potsdam,b7155,1,IDS,IDS7,3,14.123,17.085,noerror,NA,offline correction - experimenter error - subtraction of 590 ms based on logsheet and video- child was not looking
babylab-potsdam,b7155,1,ADS,ADS7,4,17.227,18.001,noerror,NA,NA
babylab-potsdam,b7155,1,IDS,IDS1,5,16.937,18.001,noerror,NA,NA
babylab-potsdam,b7155,1,ADS,ADS1,6,17.711,17.711,noerror,NA,NA
babylab-potsdam,b7155,1,IDS,IDS3,7,13.149,17.829,noerror,NA,baby was distracted
babylab-potsdam,b7155,1,ADS,ADS3,8,7.883,8.397,noerror,NA,baby was distracted
babylab-potsdam,b7155,1,IDS,IDS2,9,17.998,17.998,noerror,NA,baby was distracted
babylab-potsdam,b7155,1,ADS,ADS2,10,3.002,7.672,noerror,NA,offline correction - experimenter error - subtraction of 2424 ms based on logsheet and video- child was not looking at the beginning of the trial
babylab-potsdam,b7155,1,ADS,ADS4,11,16.442,17.238,noerror,NA,NA
babylab-potsdam,b7155,1,IDS,IDS4,12,9.736,10.428,noerror,NA,NA
babylab-potsdam,b7155,1,ADS,ADS6,13,13.103,14.405,noerror,NA,NA
babylab-potsdam,b7155,1,IDS,IDS6,14,4.81,4.81,noerror,NA,NA
babylab-potsdam,b7155,1,ADS,ADS8,15,4.418,4.418,noerror,NA,NA
babylab-potsdam,b7155,1,IDS,IDS8,16,6.34,6.34,noerror,NA,NA
babylab-potsdam,b7155,2,training,train2,-2,16.643,18,noerror,NA,NA
babylab-potsdam,b7155,2,training,train1,-1,16.989,16.989,noerror,NA,NA
babylab-potsdam,b7155,2,ADS,ADS5,1,18,18,noerror,NA,NA
babylab-potsdam,b7155,2,IDS,IDS5,2,17.332,18,noerror,NA,NA
babylab-potsdam,b7155,2,IDS,IDS7,3,13.799,14.735,noerror,NA,NA
babylab-potsdam,b7155,2,ADS,ADS7,4,17.28,18.001,noerror,NA,NA
babylab-potsdam,b7155,2,IDS,IDS1,5,11.48,11.48,noerror,NA,NA
babylab-potsdam,b7155,2,ADS,ADS1,6,16.392,18,noerror,NA,NA
babylab-potsdam,b7155,2,IDS,IDS3,7,4.664,6.744,noerror,NA,offline correction - experimenter error - subtraction of 2080 ms based on logsheet and video- child was not looking at the beginning of the trial
babylab-potsdam,b7155,2,ADS,ADS3,8,7.544,7.544,noerror,NA,NA
babylab-potsdam,b7155,2,IDS,IDS2,9,8.976,8.976,noerror,NA,NA
babylab-potsdam,b7155,2,ADS,ADS2,10,10.704,10.704,noerror,NA,NA
babylab-potsdam,b7155,2,ADS,ADS4,11,18,18,noerror,NA,offline correction - experimenter error - addition of 326 ms based on logsheet and video- child was actually looking
babylab-potsdam,b7155,2,IDS,IDS4,12,18,18,noerror,NA,NA
babylab-potsdam,b7155,2,ADS,ADS6,13,16.836,18,noerror,NA,NA
babylab-potsdam,b7155,2,IDS,IDS6,14,8.467,8.467,noerror,NA,NA
babylab-potsdam,b7155,2,ADS,ADS8,15,7.653,8.633,noerror,NA,child was distracted
babylab-potsdam,b7155,2,IDS,IDS8,16,9.207,9.207,noerror,NA,NA
babylab-potsdam,b7161,1,training,train1,-2,9.755,11.293,noerror,NA,NA
babylab-potsdam,b7161,1,training,train2,-1,15.978,18,noerror,NA,NA
babylab-potsdam,b7161,1,IDS,IDS1,1,10.346,13.306,noerror,NA,offline correction - experimenter error - subtraction of 1408 ms based on logsheet and video- child was not looking at the beginning of the trial
babylab-potsdam,b7161,1,ADS,ADS1,2,13.711,18,noerror,NA,NA
babylab-potsdam,b7161,1,IDS,IDS2,3,5.328,6.119,noerror,NA,NA
babylab-potsdam,b7161,1,ADS,ADS2,4,4.99,6.346,noerror,NA,offline correction - experimenter error - subtraction of 1356 ms based on logsheet and video- child was not looking
babylab-potsdam,b7161,1,ADS,ADS3,5,4.702,4.702,noerror,NA,NA
babylab-potsdam,b7161,1,IDS,IDS3,6,11.166,18,noerror,NA,offline correction - experimenter error - subtraction of 1385 ms based on logsheet and video- child was not looking at the beginning of the trial
babylab-potsdam,b7161,1,IDS,IDS4,7,3.234,3.234,noerror,NA,NA
babylab-potsdam,b7161,1,ADS,ADS4,8,8.163,10.132,noerror,NA,NA
babylab-potsdam,b7161,1,ADS,ADS5,9,3.166,5.621,noerror,NA,offline correction - experimenter error - subtraction of 1837 ms based on logsheet and video- child was not looking at the beginning of the trial
babylab-potsdam,b7161,1,IDS,IDS5,10,9.591,12.619,noerror,NA,NA
babylab-potsdam,b7161,1,ADS,ADS6,11,1.745,1.745,noerror,NA,NA
babylab-potsdam,b7161,1,IDS,IDS6,12,3.377,5.273,noerror,NA,NA
babylab-potsdam,b7161,1,IDS,IDS7,13,6.733,7.707,noerror,NA,NA
babylab-potsdam,b7161,1,ADS,ADS7,14,1.525,1.525,noerror,NA,NA
babylab-potsdam,b7161,1,ADS,ADS8,15,9.472,13.722,noerror,NA,NA
babylab-potsdam,b7161,1,IDS,IDS8,16,1.518,1.972,noerror,NA,NA
babylab-potsdam,b7161,2,training,train1,-2,15.708,18,noerror,NA,NA
babylab-potsdam,b7161,2,training,train2,-1,15.279,18,noerror,NA,NA
babylab-potsdam,b7161,2,IDS,IDS1,1,13.03,17.387,noerror,NA,NA
babylab-potsdam,b7161,2,ADS,ADS1,2,10.208,18,noerror,NA,NA
babylab-potsdam,b7161,2,IDS,IDS2,3,10.091,12.988,noerror,NA,NA
babylab-potsdam,b7161,2,ADS,ADS2,4,6.033,7.321,noerror,NA,NA
babylab-potsdam,b7161,2,ADS,ADS3,5,4.001,4.001,noerror,NA,NA
babylab-potsdam,b7161,2,IDS,IDS3,6,14.397,18,noerror,NA,NA
babylab-potsdam,b7161,2,IDS,IDS4,7,6.625,8.307,noerror,NA,NA
babylab-potsdam,b7161,2,ADS,ADS4,8,6.288,7.722,noerror,NA,NA
babylab-potsdam,b7161,2,ADS,ADS5,9,5.245,6.49,noerror,NA,NA
babylab-potsdam,b7161,2,IDS,IDS5,10,6.02,7.904,noerror,NA,NA
babylab-potsdam,b7161,2,ADS,ADS6,11,2.879,2.879,noerror,NA,NA
babylab-potsdam,b7161,2,IDS,IDS6,12,4.529,6.975,noerror,NA,offline correction - experimenter error - subtraction of 835 ms based on logsheet and video- child was not looking
babylab-potsdam,b7161,2,IDS,IDS7,13,4.79,4.79,noerror,NA,NA
babylab-potsdam,b7161,2,ADS,ADS7,14,1.639,1.639,noerror,NA,NA
babylab-potsdam,b7161,2,ADS,ADS8,15,1.991,1.991,noerror,NA,NA
babylab-potsdam,b7161,2,IDS,IDS8,16,9.621,11.309,noerror,NA,NA
babylab-potsdam,b7167,1,training,train1,-2,18,18,noerror,NA,NA
babylab-potsdam,b7167,1,training,train2,-1,4.398,6.236,noerror,NA,NA
babylab-potsdam,b7167,1,IDS,IDS1,1,1.389,1.389,noerror,NA,NA
babylab-potsdam,b7167,1,ADS,ADS1,2,2.29,2.29,noerror,NA,NA
babylab-potsdam,b7167,1,IDS,IDS2,3,11.77,12.587,noerror,NA,NA
babylab-potsdam,b7167,1,ADS,ADS2,4,5.918,5.918,noerror,NA,NA
babylab-potsdam,b7167,1,ADS,ADS3,5,7.425,7.425,noerror,NA,NA
babylab-potsdam,b7167,1,IDS,IDS3,6,10.439,10.439,noerror,NA,last valid trial
babylab-potsdam,b7167,1,IDS,IDS4,7,NC,NC,error,experiment ended early,NA
babylab-potsdam,b7167,1,ADS,ADS4,8,NC,NC,error,experiment ended early,NA
babylab-potsdam,b7167,1,ADS,ADS5,9,NC,NC,error,experiment ended early,NA
babylab-potsdam,b7167,1,IDS,IDS5,10,NC,NC,error,experiment ended early,NA
babylab-potsdam,b7167,1,ADS,ADS6,11,NC,NC,error,experiment ended early,NA
babylab-potsdam,b7167,1,IDS,IDS6,12,NC,NC,error,experiment ended early,NA
babylab-potsdam,b7167,1,IDS,IDS7,13,NC,NC,error,experiment ended early,NA
babylab-potsdam,b7167,1,ADS,ADS7,14,NC,NC,error,experiment ended early,NA
babylab-potsdam,b7167,1,ADS,ADS8,15,NC,NC,error,experiment ended early,NA
babylab-potsdam,b7167,1,IDS,IDS8,16,NC,NC,error,experiment ended early,NA
babylab-potsdam,b7167,2,training,train1,-2,1.538,1.538,noerror,NA,NA
babylab-potsdam,b7167,2,training,train2,-1,6.318,6.318,noerror,NA,NA
babylab-potsdam,b7167,2,IDS,IDS1,1,1.233,1.233,noerror,NA,NA
babylab-potsdam,b7167,2,ADS,ADS1,2,4.005,4.005,noerror,NA,NA
babylab-potsdam,b7167,2,IDS,IDS2,3,11.961,12.297,noerror,NA,NA
babylab-potsdam,b7167,2,ADS,ADS2,4,9.629,9.629,noerror,NA,NA
babylab-potsdam,b7167,2,ADS,ADS3,5,3.351,3.351,noerror,NA,NA
babylab-potsdam,b7167,2,IDS,IDS3,6,1.111,1.111,noerror,NA,NA
babylab-potsdam,b7167,2,IDS,IDS4,7,2.67,2.87,noerror,NA,offline correction - experimenter error - subtraction of 200 ms based on logsheet and video- child was not looking
babylab-potsdam,b7167,2,ADS,ADS4,8,4.931,4.931,noerror,NA,NA
babylab-potsdam,b7167,2,ADS,ADS5,9,3.599,3.599,noerror,NA,NA
babylab-potsdam,b7167,2,IDS,IDS5,10,4.815,4.815,noerror,NA,NA
babylab-potsdam,b7167,2,ADS,ADS6,11,6.842,7.944,noerror,NA,NA
babylab-potsdam,b7167,2,IDS,IDS6,12,6.145,8.049,noerror,NA,NA
babylab-potsdam,b7167,2,IDS,IDS7,13,0.943,0.943,noerror,NA,NA
babylab-potsdam,b7167,2,ADS,ADS7,14,4.656,6.357,noerror,NA,NA
babylab-potsdam,b7167,2,ADS,ADS8,15,6.496,7.419,noerror,NA,NA
babylab-potsdam,b7167,2,IDS,IDS8,16,7.003,7.003,noerror,NA,NA
babylab-potsdam,b7171,1,training,train1,-2,16.775,18,noerror,NA,NA
babylab-potsdam,b7171,1,training,train2,-1,16.289,18,noerror,NA,NA
babylab-potsdam,b7171,1,IDS,IDS5,1,15.43,18,noerror,NA,NA
babylab-potsdam,b7171,1,ADS,ADS5,2,10.982,12.449,noerror,NA,NA
babylab-potsdam,b7171,1,ADS,ADS7,3,9.005,9.005,noerror,NA,NA
babylab-potsdam,b7171,1,IDS,IDS7,4,18,18,noerror,NA,NA
babylab-potsdam,b7171,1,ADS,ADS1,5,15.534,17.444,noerror,NA,NA
babylab-potsdam,b7171,1,IDS,IDS1,6,16.536,18.001,noerror,NA,NA
babylab-potsdam,b7171,1,ADS,ADS3,7,8.254,8.254,noerror,NA,NA
babylab-potsdam,b7171,1,IDS,IDS3,8,6.986,7.581,noerror,NA,NA
babylab-potsdam,b7171,1,ADS,ADS2,9,7.586,7.586,noerror,NA,NA
babylab-potsdam,b7171,1,IDS,IDS2,10,13.528,15.425,noerror,NA,NA
babylab-potsdam,b7171,1,IDS,IDS4,11,14.584,15.557,noerror,NA,NA
babylab-potsdam,b7171,1,ADS,ADS4,12,16.11,18,noerror,NA,NA
babylab-potsdam,b7171,1,IDS,IDS6,13,8.083,8.59,noerror,NA,NA
babylab-potsdam,b7171,1,ADS,ADS6,14,6.198,6.198,noerror,NA,NA
babylab-potsdam,b7171,1,IDS,IDS8,15,5.028,5.028,noerror,NA,NA
babylab-potsdam,b7171,1,ADS,ADS8,16,12.212,13.612,noerror,NA,offline correction - experimenter error - subtraction of 1400 ms based on logsheet and video- child was not looking at the beginning of the trial
babylab-potsdam,b7171,2,training,train1,-2,18,18,noerror,NA,NA
babylab-potsdam,b7171,2,training,train2,-1,18,18,noerror,NA,NA
babylab-potsdam,b7171,2,IDS,IDS5,1,18,18,noerror,NA,NA
babylab-potsdam,b7171,2,ADS,ADS5,2,9.002,9.002,noerror,NA,NA
babylab-potsdam,b7171,2,ADS,ADS7,3,4.773,4.773,noerror,NA,NA
babylab-potsdam,b7171,2,IDS,IDS7,4,15.169,15.498,noerror,NA,NA
babylab-potsdam,b7171,2,ADS,ADS1,5,5.501,5.501,noerror,NA,NA
babylab-potsdam,b7171,2,IDS,IDS1,6,8.178,8.178,noerror,NA,NA
babylab-potsdam,b7171,2,ADS,ADS3,7,3.239,3.239,noerror,NA,NA
babylab-potsdam,b7171,2,IDS,IDS3,8,4.955,9.25,noerror,NA,offline correction - experimenter error - subtraction of 2303 ms based on logsheet and video- child was not looking
babylab-potsdam,b7171,2,ADS,ADS2,9,5,5,noerror,NA,NA
babylab-potsdam,b7171,2,IDS,IDS2,10,3.513,3.513,noerror,NA,NA
babylab-potsdam,b7171,2,IDS,IDS4,11,2.538,4.053,noerror,NA,NA
babylab-potsdam,b7171,2,ADS,ADS4,12,3.214,4.886,noerror,NA,offline correction - experimenter error - subtraction of 1672 ms based on logsheet and video- child was not looking at the beginning of the trial
babylab-potsdam,b7171,2,IDS,IDS6,13,3.466,3.466,noerror,NA,NA
babylab-potsdam,b7171,2,ADS,ADS6,14,2.664,6.634,noerror,NA,offline correction - experimenter error - subtraction of 768 ms based on logsheet and video- child was not looking
babylab-potsdam,b7171,2,IDS,IDS8,15,1.055,1.055,noerror,NA,NA
babylab-potsdam,b7171,2,ADS,ADS8,16,1.847,1.847,noerror,NA,NA
babylab-potsdam,b7172,1,training,train1,-2,17.484,18,noerror,NA,NA
babylab-potsdam,b7172,1,training,train2,-1,18,18,noerror,NA,NA
babylab-potsdam,b7172,1,IDS,IDS5,1,17.384,17.63,noerror,NA,NA
babylab-potsdam,b7172,1,ADS,ADS5,2,15.418,15.418,noerror,NA,NA
babylab-potsdam,b7172,1,ADS,ADS7,3,9.345,9.345,noerror,NA,NA
babylab-potsdam,b7172,1,IDS,IDS7,4,17.419,18,noerror,NA,NA
babylab-potsdam,b7172,1,ADS,ADS1,5,13.211,16.779,noerror,NA,NA
babylab-potsdam,b7172,1,IDS,IDS1,6,14.931,18.001,noerror,NA,NA
babylab-potsdam,b7172,1,ADS,ADS3,7,10.448,11.438,noerror,NA,NA
babylab-potsdam,b7172,1,IDS,IDS3,8,12.148,15.63,noerror,NA,NA
babylab-potsdam,b7172,1,ADS,ADS2,9,4.466,4.466,noerror,NA,NA
babylab-potsdam,b7172,1,IDS,IDS2,10,7.796,12.116,noerror,NA,NA
babylab-potsdam,b7172,1,IDS,IDS4,11,3.324,3.324,noerror,NA,NA
babylab-potsdam,b7172,1,ADS,ADS4,12,6.837,10.022,noerror,NA,NA
babylab-potsdam,b7172,1,IDS,IDS6,13,11.935,13.635,noerror,NA,NA
babylab-potsdam,b7172,1,ADS,ADS6,14,4.15,5.168,noerror,NA,NA
babylab-potsdam,b7172,1,IDS,IDS8,15,2.019,2.019,noerror,NA,NA
babylab-potsdam,b7172,1,ADS,ADS8,16,5.853,6.941,noerror,NA,NA
babylab-potsdam,b7172,2,training,train1,-2,15.592,18,noerror,NA,NA
babylab-potsdam,b7172,2,training,train2,-1,15.635,17.904,noerror,NA,NA
babylab-potsdam,b7172,2,IDS,IDS5,1,7.744,7.744,noerror,NA,NA
babylab-potsdam,b7172,2,ADS,ADS5,2,9.167,9.899,noerror,NA,NA
babylab-potsdam,b7172,2,ADS,ADS7,3,14.201,18.001,noerror,NA,NA
babylab-potsdam,b7172,2,IDS,IDS7,4,4.008,4.008,noerror,NA,NA
babylab-potsdam,b7172,2,ADS,ADS1,5,6.595,6.595,noerror,NA,NA
babylab-potsdam,b7172,2,IDS,IDS1,6,3.19,3.19,noerror,NA,NA
babylab-potsdam,b7172,2,ADS,ADS3,7,4.044,4.044,noerror,NA,NA
babylab-potsdam,b7172,2,IDS,IDS3,8,2.19,2.19,noerror,NA,NA
babylab-potsdam,b7172,2,ADS,ADS2,9,1.775,1.775,noerror,NA,NA
babylab-potsdam,b7172,2,IDS,IDS2,10,8.546,17.951,noerror,NA,NA
babylab-potsdam,b7172,2,IDS,IDS4,11,2.813,3.53,noerror,NA,NA
babylab-potsdam,b7172,2,ADS,ADS4,12,1.452,1.452,noerror,NA,NA
babylab-potsdam,b7172,2,IDS,IDS6,13,2.481,3.221,noerror,NA,NA
babylab-potsdam,b7172,2,ADS,ADS6,14,2.012,3.918,noerror,NA,NA
babylab-potsdam,b7172,2,IDS,IDS8,15,1.189,1.189,noerror,NA,NA
babylab-potsdam,b7172,2,ADS,ADS8,16,7.537,10.73,noerror,NA,NA
babylab-potsdam,b7181,1,training,train2,-2,12.983,14.548,noerror,NA,NA
babylab-potsdam,b7181,1,training,train1,-1,4.722,4.722,noerror,NA,NA
babylab-potsdam,b7181,1,ADS,ADS1,1,7.225,7.699,noerror,NA,NA
babylab-potsdam,b7181,1,IDS,IDS1,2,5.248,5.975,noerror,NA,NA
babylab-potsdam,b7181,1,ADS,ADS2,3,2.871,2.871,noerror,NA,NA
babylab-potsdam,b7181,1,IDS,IDS2,4,2.691,2.691,noerror,NA,NA
babylab-potsdam,b7181,1,IDS,IDS3,5,2.62,2.62,noerror,NA,NA
babylab-potsdam,b7181,1,ADS,ADS3,6,1.745,1.745,noerror,NA,NA
babylab-potsdam,b7181,1,ADS,ADS4,7,2.26,2.26,noerror,NA,NA
babylab-potsdam,b7181,1,IDS,IDS4,8,1.698,1.698,noerror,NA,NA
babylab-potsdam,b7181,1,IDS,IDS5,9,1.542,1.542,noerror,NA,NA
babylab-potsdam,b7181,1,ADS,ADS5,10,4.127,5.068,noerror,NA,NA
babylab-potsdam,b7181,1,IDS,IDS6,11,1.814,1.814,noerror,NA,NA
babylab-potsdam,b7181,1,ADS,ADS6,12,1.831,1.831,noerror,NA,NA
babylab-potsdam,b7181,1,ADS,ADS7,13,3.735,3.735,noerror,NA,NA
babylab-potsdam,b7181,1,IDS,IDS7,14,4.09,4.09,noerror,NA,NA
babylab-potsdam,b7181,1,IDS,IDS8,15,3.503,3.503,noerror,NA,NA
babylab-potsdam,b7181,1,ADS,ADS8,16,1.563,1.563,noerror,NA,NA
babylab-potsdam,b7181,2,training,train2,-2,12.209,18,noerror,NA,NA
babylab-potsdam,b7181,2,training,train1,-1,9.524,18,noerror,NA,NA
babylab-potsdam,b7181,2,ADS,ADS1,1,11.501,16.438,noerror,NA,NA
babylab-potsdam,b7181,2,IDS,IDS1,2,11.658,17.837,noerror,NA,NA
babylab-potsdam,b7181,2,ADS,ADS2,3,8.23,15.416,noerror,NA,NA
babylab-potsdam,b7181,2,IDS,IDS2,4,2.476,4.149,noerror,NA,NA
babylab-potsdam,b7181,2,IDS,IDS3,5,3.786,4.202,noerror,NA,NA
babylab-potsdam,b7181,2,ADS,ADS3,6,2.236,3.659,noerror,NA,NA
babylab-potsdam,b7181,2,ADS,ADS4,7,1.275,1.275,noerror,NA,NA
babylab-potsdam,b7181,2,IDS,IDS4,8,2.07,2.07,noerror,NA,NA
babylab-potsdam,b7181,2,IDS,IDS5,9,9.533,11.183,noerror,NA,NA
babylab-potsdam,b7181,2,ADS,ADS5,10,2.248,3.337,noerror,NA,NA
babylab-potsdam,b7181,2,IDS,IDS6,11,1.505,1.505,noerror,NA,NA
babylab-potsdam,b7181,2,ADS,ADS6,12,3.763,4.131,noerror,NA,NA
babylab-potsdam,b7181,2,ADS,ADS7,13,5.506,7.474,noerror,NA,NA
babylab-potsdam,b7181,2,IDS,IDS7,14,2.186,2.186,noerror,NA,NA
babylab-potsdam,b7181,2,IDS,IDS8,15,3.393,3.393,noerror,NA,NA
babylab-potsdam,b7181,2,ADS,ADS8,16,3.449,3.449,noerror,NA,NA
babylab-potsdam,b7184,1,training,train2,-2,13.825,17.194,noerror,NA,NA
babylab-potsdam,b7184,1,training,train1,-1,4.817,4.817,noerror,NA,NA
babylab-potsdam,b7184,1,ADS,ADS5,1,4.715,4.715,noerror,NA,NA
babylab-potsdam,b7184,1,IDS,IDS5,2,2.26,2.26,noerror,NA,NA
babylab-potsdam,b7184,1,IDS,IDS7,3,4.681,4.681,noerror,NA,NA
babylab-potsdam,b7184,1,ADS,ADS7,4,6.537,8.918,noerror,NA,NA
babylab-potsdam,b7184,1,IDS,IDS1,5,3.246,3.246,noerror,NA,NA
babylab-potsdam,b7184,1,ADS,ADS1,6,2.144,2.144,noerror,NA,NA
babylab-potsdam,b7184,1,IDS,IDS3,7,5.106,5.106,noerror,NA,NA
babylab-potsdam,b7184,1,ADS,ADS3,8,2.217,2.217,noerror,NA,NA
babylab-potsdam,b7184,1,IDS,IDS2,9,4.299,4.299,noerror,NA,NA
babylab-potsdam,b7184,1,ADS,ADS2,10,3.609,3.609,noerror,NA,NA
babylab-potsdam,b7184,1,ADS,ADS4,11,3.097,3.097,noerror,NA,NA
babylab-potsdam,b7184,1,IDS,IDS4,12,3.161,3.161,noerror,NA,NA
babylab-potsdam,b7184,1,ADS,ADS6,13,3.46,3.46,noerror,NA,NA
babylab-potsdam,b7184,1,IDS,IDS6,14,7.647,11.572,noerror,NA,offline correction - experimenter error - subtraction of 326 ms based on logsheet and video- child was not looking
babylab-potsdam,b7184,1,ADS,ADS8,15,3.093,3.093,noerror,NA,NA
babylab-potsdam,b7184,1,IDS,IDS8,16,7.226,8.595,noerror,NA,NA
babylab-potsdam,b7184,2,training,train2,-2,13.31,17.328,noerror,NA,NA
babylab-potsdam,b7184,2,training,train1,-1,3.715,3.715,noerror,NA,NA
babylab-potsdam,b7184,2,ADS,ADS5,1,10.611,15.787,noerror,NA,NA
babylab-potsdam,b7184,2,IDS,IDS5,2,3.599,3.599,noerror,NA,NA
babylab-potsdam,b7184,2,IDS,IDS7,3,3.271,3.271,noerror,NA,NA
babylab-potsdam,b7184,2,ADS,ADS7,4,3.701,4.701,noerror,NA,NA
babylab-potsdam,b7184,2,IDS,IDS1,5,7.029,8.717,noerror,NA,NA
babylab-potsdam,b7184,2,ADS,ADS1,6,3.658,5.561,noerror,NA,NA
babylab-potsdam,b7184,2,IDS,IDS3,7,4.877,6.588,noerror,NA,NA
babylab-potsdam,b7184,2,ADS,ADS3,8,7.556,12.521,noerror,NA,NA
babylab-potsdam,b7184,2,IDS,IDS2,9,3.63,5.381,noerror,NA,NA
babylab-potsdam,b7184,2,ADS,ADS2,10,3.98,4.342,noerror,NA,NA
babylab-potsdam,b7184,2,ADS,ADS4,11,1.617,1.617,noerror,NA,NA
babylab-potsdam,b7184,2,IDS,IDS4,12,2.692,2.692,noerror,NA,NA
babylab-potsdam,b7184,2,ADS,ADS6,13,2.315,2.315,noerror,NA,NA
babylab-potsdam,b7184,2,IDS,IDS6,14,2.22,2.22,noerror,NA,NA
babylab-potsdam,b7184,2,ADS,ADS8,15,2.785,2.785,noerror,NA,NA
babylab-potsdam,b7184,2,IDS,IDS8,16,2.407,2.407,noerror,NA,NA
babylab-potsdam,b7185,1,training,train2,-2,18,18,noerror,NA,NA
babylab-potsdam,b7185,1,training,train1,-1,10.408,13.703,noerror,NA,NA
babylab-potsdam,b7185,1,ADS,ADS5,1,13.308,14.467,noerror,NA,NA
babylab-potsdam,b7185,1,IDS,IDS5,2,10.606,12.61,noerror,NA,NA
babylab-potsdam,b7185,1,IDS,IDS7,3,11.357,14.072,noerror,NA,NA
babylab-potsdam,b7185,1,ADS,ADS7,4,3.043,3.043,noerror,NA,NA
babylab-potsdam,b7185,1,IDS,IDS1,5,5.957,5.957,noerror,NA,NA
babylab-potsdam,b7185,1,ADS,ADS1,6,4.735,4.735,noerror,NA,NA
babylab-potsdam,b7185,1,IDS,IDS3,7,4.808,4.808,noerror,NA,NA
babylab-potsdam,b7185,1,ADS,ADS3,8,8.15,10.219,noerror,NA,NA
babylab-potsdam,b7185,1,IDS,IDS2,9,6.127,6.534,noerror,NA,NA
babylab-potsdam,b7185,1,ADS,ADS2,10,2.483,2.483,noerror,NA,NA
babylab-potsdam,b7185,1,ADS,ADS4,11,9.082,11.481,noerror,NA,offline correction - experimenter error - subtraction of 501 ms based on logsheet and video- child was not looking
babylab-potsdam,b7185,1,IDS,IDS4,12,4.993,4.993,noerror,NA,NA
babylab-potsdam,b7185,1,ADS,ADS6,13,2.567,3.139,noerror,NA,NA
babylab-potsdam,b7185,1,IDS,IDS6,14,2.003,2.003,noerror,NA,NA
babylab-potsdam,b7185,1,ADS,ADS8,15,1.454,2.428,noerror,NA,offline correction - experimenter error - subtraction of 974 ms based on logsheet and video- child was not looking at the beginning of the trial
babylab-potsdam,b7185,1,IDS,IDS8,16,3.405,3.405,noerror,NA,NA
babylab-potsdam,b7185,2,training,train2,-2,6.058,7.508,noerror,NA,NA
babylab-potsdam,b7185,2,training,train1,-1,7.424,8.597,noerror,NA,NA
babylab-potsdam,b7185,2,ADS,ADS5,1,3.943,3.943,noerror,NA,NA
babylab-potsdam,b7185,2,IDS,IDS5,2,4.823,7.427,noerror,NA,NA
babylab-potsdam,b7185,2,IDS,IDS7,3,1.941,1.941,noerror,NA,NA
babylab-potsdam,b7185,2,ADS,ADS7,4,3.688,6.57,noerror,NA,offline correction - experimenter error - subtraction of 367 ms based on logsheet and video- child was not looking at the beginning of the trial
babylab-potsdam,b7185,2,IDS,IDS1,5,4.894,4.894,noerror,NA,NA
babylab-potsdam,b7185,2,ADS,ADS1,6,1.333,1.333,noerror,NA,NA
babylab-potsdam,b7185,2,IDS,IDS3,7,8.414,10.217,noerror,NA,NA
babylab-potsdam,b7185,2,ADS,ADS3,8,8.258,10.206,noerror,NA,NA
babylab-potsdam,b7185,2,IDS,IDS2,9,5.077,6.365,noerror,NA,NA
babylab-potsdam,b7185,2,ADS,ADS2,10,5.025,5.025,noerror,NA,NA
babylab-potsdam,b7185,2,ADS,ADS4,11,3.261,4.486,noerror,NA,NA
babylab-potsdam,b7185,2,IDS,IDS4,12,2.652,2.652,noerror,NA,NA
babylab-potsdam,b7185,2,ADS,ADS6,13,6.987,8.258,noerror,NA,NA
babylab-potsdam,b7185,2,IDS,IDS6,14,7.865,7.865,noerror,NA,NA
babylab-potsdam,b7185,2,ADS,ADS8,15,1.291,1.291,noerror,NA,NA
babylab-potsdam,b7185,2,IDS,IDS8,16,0.761,0.761,noerror,NA,NA
